-4,2,ctJtkmmK5u+vVB9zLO02ZJ7jJEk=,v6SOVX8aGT1PhTfad6GeYzTHKlI=
-1,0,ctJtkmmK5u+vVB9zLO02ZJ7jJEk=,pLa/ZzKAj5pElPV64Q4XDpxXpDs=
-6,2,ctJtkmmK5u+vVB9zLO02ZJ7jJEk=,pLa/ZzKAj5pElPV64Q4XDpxXpDs=
-4,1,ctJtkmmK5u+vVB9zLO02ZJ7jJEk=,0xGFAATZ7xX52/IkUgP2UuAf4kY=
-3,1,ctJtkmmK5u+vVB9zLO02ZJ7jJEk=,0xGFAATZ7xX52/IkUgP2UuAf4kY=
-3,0,ctJtkmmK5u+vVB9zLO02ZJ7jJEk=,0xGFAATZ7xX52/IkUgP2UuAf4kY=
-6,1,ctJtkmmK5u+vVB9zLO02ZJ7jJEk=,0xGFAATZ7xX52/IkUgP2UuAf4kY=
-3,2,ctJtkmmK5u+vVB9zLO02ZJ7jJEk=,pLa/ZzKAj5pElPV64Q4XDpxXpDs=
-5,2,ctJtkmmK5u+vVB9zLO02ZJ7jJEk=,pLa/ZzKAj5pElPV64Q4XDpxXpDs=
-2,0,ctJtkmmK5u+vVB9zLO02ZJ7jJEk=,pLa/ZzKAj5pElPV64Q4XDpxXpDs=
-5,1,ctJtkmmK5u+vVB9zLO02ZJ7jJEk=,TGzq9smn0MXelMdF7Pl/otwasCw=
