-11,-10,WKTepax39BhRx4WSfoF0rlIcz7M=,BYx0cgh63Ok/TQdlMDQaqUniYwc=
-10,-10,WKTepax39BhRx4WSfoF0rlIcz7M=,BYx0cgh63Ok/TQdlMDQaqUniYwc=
-11,-11,WKTepax39BhRx4WSfoF0rlIcz7M=,BYx0cgh63Ok/TQdlMDQaqUniYwc=
-10,-11,WKTepax39BhRx4WSfoF0rlIcz7M=,BYx0cgh63Ok/TQdlMDQaqUniYwc=
-6,-11,WKTepax39BhRx4WSfoF0rlIcz7M=,38wUCnPLG1dIAesIXuQzHnfLERs=
-8,-10,WKTepax39BhRx4WSfoF0rlIcz7M=,38wUCnPLG1dIAesIXuQzHnfLERs=
-7,-10,WKTepax39BhRx4WSfoF0rlIcz7M=,38wUCnPLG1dIAesIXuQzHnfLERs=
-6,-10,WKTepax39BhRx4WSfoF0rlIcz7M=,38wUCnPLG1dIAesIXuQzHnfLERs=
-8,-11,WKTepax39BhRx4WSfoF0rlIcz7M=,38wUCnPLG1dIAesIXuQzHnfLERs=
-7,-11,WKTepax39BhRx4WSfoF0rlIcz7M=,38wUCnPLG1dIAesIXuQzHnfLERs=
-9,-10,WKTepax39BhRx4WSfoF0rlIcz7M=,BYx0cgh63Ok/TQdlMDQaqUniYwc=
-9,-11,WKTepax39BhRx4WSfoF0rlIcz7M=,BYx0cgh63Ok/TQdlMDQaqUniYwc=
-7,-3,WKTepax39BhRx4WSfoF0rlIcz7M=,38wUCnPLG1dIAesIXuQzHnfLERs=
-6,-3,WKTepax39BhRx4WSfoF0rlIcz7M=,38wUCnPLG1dIAesIXuQzHnfLERs=
-7,-2,WKTepax39BhRx4WSfoF0rlIcz7M=,38wUCnPLG1dIAesIXuQzHnfLERs=
-6,-2,WKTepax39BhRx4WSfoF0rlIcz7M=,38wUCnPLG1dIAesIXuQzHnfLERs=
-2,-6,edTTmRFvXr65GaKM6KPNGMzc+js=,BYx0cgh63Ok/TQdlMDQaqUniYwc=
-2,-7,edTTmRFvXr65GaKM6KPNGMzc+js=,BYx0cgh63Ok/TQdlMDQaqUniYwc=
-11,-9,edTTmRFvXr65GaKM6KPNGMzc+js=,BYx0cgh63Ok/TQdlMDQaqUniYwc=
-6,-5,edTTmRFvXr65GaKM6KPNGMzc+js=,BYx0cgh63Ok/TQdlMDQaqUniYwc=
-7,-4,edTTmRFvXr65GaKM6KPNGMzc+js=,38wUCnPLG1dIAesIXuQzHnfLERs=
-15,-3,edTTmRFvXr65GaKM6KPNGMzc+js=,BYx0cgh63Ok/TQdlMDQaqUniYwc=
-6,-4,edTTmRFvXr65GaKM6KPNGMzc+js=,38wUCnPLG1dIAesIXuQzHnfLERs=
-14,-3,edTTmRFvXr65GaKM6KPNGMzc+js=,BYx0cgh63Ok/TQdlMDQaqUniYwc=
-15,-2,edTTmRFvXr65GaKM6KPNGMzc+js=,BYx0cgh63Ok/TQdlMDQaqUniYwc=
-14,-2,edTTmRFvXr65GaKM6KPNGMzc+js=,BYx0cgh63Ok/TQdlMDQaqUniYwc=
-10,-9,edTTmRFvXr65GaKM6KPNGMzc+js=,BYx0cgh63Ok/TQdlMDQaqUniYwc=
-9,-7,edTTmRFvXr65GaKM6KPNGMzc+js=,ZF3pbuooStx3o3GZi/3X4Fdw6Gg=
-10,-6,edTTmRFvXr65GaKM6KPNGMzc+js=,ZF3pbuooStx3o3GZi/3X4Fdw6Gg=
-5,-2,edTTmRFvXr65GaKM6KPNGMzc+js=,38wUCnPLG1dIAesIXuQzHnfLERs=
-13,-3,edTTmRFvXr65GaKM6KPNGMzc+js=,BYx0cgh63Ok/TQdlMDQaqUniYwc=
-2,-5,edTTmRFvXr65GaKM6KPNGMzc+js=,BYx0cgh63Ok/TQdlMDQaqUniYwc=
-12,-2,edTTmRFvXr65GaKM6KPNGMzc+js=,ZF3pbuooStx3o3GZi/3X4Fdw6Gg=
-5,-3,edTTmRFvXr65GaKM6KPNGMzc+js=,38wUCnPLG1dIAesIXuQzHnfLERs=
-1,-6,edTTmRFvXr65GaKM6KPNGMzc+js=,BYx0cgh63Ok/TQdlMDQaqUniYwc=
-13,-2,edTTmRFvXr65GaKM6KPNGMzc+js=,BYx0cgh63Ok/TQdlMDQaqUniYwc=
-6,-6,edTTmRFvXr65GaKM6KPNGMzc+js=,BYx0cgh63Ok/TQdlMDQaqUniYwc=
-6,-1,edTTmRFvXr65GaKM6KPNGMzc+js=,38wUCnPLG1dIAesIXuQzHnfLERs=
-5,-1,edTTmRFvXr65GaKM6KPNGMzc+js=,38wUCnPLG1dIAesIXuQzHnfLERs=
-9,-9,edTTmRFvXr65GaKM6KPNGMzc+js=,BYx0cgh63Ok/TQdlMDQaqUniYwc=
-5,-4,edTTmRFvXr65GaKM6KPNGMzc+js=,38wUCnPLG1dIAesIXuQzHnfLERs=
-1,-4,edTTmRFvXr65GaKM6KPNGMzc+js=,38wUCnPLG1dIAesIXuQzHnfLERs=
-5,-6,edTTmRFvXr65GaKM6KPNGMzc+js=,BYx0cgh63Ok/TQdlMDQaqUniYwc=
-4,-1,edTTmRFvXr65GaKM6KPNGMzc+js=,38wUCnPLG1dIAesIXuQzHnfLERs=
-9,-8,edTTmRFvXr65GaKM6KPNGMzc+js=,ZF3pbuooStx3o3GZi/3X4Fdw6Gg=
-10,-7,edTTmRFvXr65GaKM6KPNGMzc+js=,ZF3pbuooStx3o3GZi/3X4Fdw6Gg=
-3,-5,edTTmRFvXr65GaKM6KPNGMzc+js=,BYx0cgh63Ok/TQdlMDQaqUniYwc=
-1,-3,edTTmRFvXr65GaKM6KPNGMzc+js=,38wUCnPLG1dIAesIXuQzHnfLERs=
-7,-9,edTTmRFvXr65GaKM6KPNGMzc+js=,38wUCnPLG1dIAesIXuQzHnfLERs=
-8,-9,edTTmRFvXr65GaKM6KPNGMzc+js=,38wUCnPLG1dIAesIXuQzHnfLERs=
-6,-12,edTTmRFvXr65GaKM6KPNGMzc+js=,38wUCnPLG1dIAesIXuQzHnfLERs=
-8,-7,edTTmRFvXr65GaKM6KPNGMzc+js=,BYx0cgh63Ok/TQdlMDQaqUniYwc=
-8,-12,edTTmRFvXr65GaKM6KPNGMzc+js=,38wUCnPLG1dIAesIXuQzHnfLERs=
-9,-12,edTTmRFvXr65GaKM6KPNGMzc+js=,BYx0cgh63Ok/TQdlMDQaqUniYwc=
-7,-12,edTTmRFvXr65GaKM6KPNGMzc+js=,38wUCnPLG1dIAesIXuQzHnfLERs=
-10,-12,edTTmRFvXr65GaKM6KPNGMzc+js=,BYx0cgh63Ok/TQdlMDQaqUniYwc=
-8,-2,edTTmRFvXr65GaKM6KPNGMzc+js=,38wUCnPLG1dIAesIXuQzHnfLERs=
-11,-12,edTTmRFvXr65GaKM6KPNGMzc+js=,BYx0cgh63Ok/TQdlMDQaqUniYwc=
-12,-12,edTTmRFvXr65GaKM6KPNGMzc+js=,BYx0cgh63Ok/TQdlMDQaqUniYwc=
-15,-4,edTTmRFvXr65GaKM6KPNGMzc+js=,BYx0cgh63Ok/TQdlMDQaqUniYwc=
-12,-10,edTTmRFvXr65GaKM6KPNGMzc+js=,BYx0cgh63Ok/TQdlMDQaqUniYwc=
-3,-1,edTTmRFvXr65GaKM6KPNGMzc+js=,38wUCnPLG1dIAesIXuQzHnfLERs=
-12,-11,edTTmRFvXr65GaKM6KPNGMzc+js=,BYx0cgh63Ok/TQdlMDQaqUniYwc=
-12,-9,edTTmRFvXr65GaKM6KPNGMzc+js=,BYx0cgh63Ok/TQdlMDQaqUniYwc=
-14,-4,edTTmRFvXr65GaKM6KPNGMzc+js=,BYx0cgh63Ok/TQdlMDQaqUniYwc=
-13,-4,edTTmRFvXr65GaKM6KPNGMzc+js=,BYx0cgh63Ok/TQdlMDQaqUniYwc=
-7,-8,edTTmRFvXr65GaKM6KPNGMzc+js=,BYx0cgh63Ok/TQdlMDQaqUniYwc=
-7,-5,edTTmRFvXr65GaKM6KPNGMzc+js=,BYx0cgh63Ok/TQdlMDQaqUniYwc=
-10,-8,edTTmRFvXr65GaKM6KPNGMzc+js=,ZF3pbuooStx3o3GZi/3X4Fdw6Gg=
-7,-7,edTTmRFvXr65GaKM6KPNGMzc+js=,BYx0cgh63Ok/TQdlMDQaqUniYwc=
-1,-5,edTTmRFvXr65GaKM6KPNGMzc+js=,BYx0cgh63Ok/TQdlMDQaqUniYwc=
-7,-1,edTTmRFvXr65GaKM6KPNGMzc+js=,38wUCnPLG1dIAesIXuQzHnfLERs=
-12,-7,edTTmRFvXr65GaKM6KPNGMzc+js=,ZF3pbuooStx3o3GZi/3X4Fdw6Gg=
-1,-7,edTTmRFvXr65GaKM6KPNGMzc+js=,BYx0cgh63Ok/TQdlMDQaqUniYwc=
-8,-1,edTTmRFvXr65GaKM6KPNGMzc+js=,38wUCnPLG1dIAesIXuQzHnfLERs=
-3,-6,edTTmRFvXr65GaKM6KPNGMzc+js=,BYx0cgh63Ok/TQdlMDQaqUniYwc=
-8,-3,edTTmRFvXr65GaKM6KPNGMzc+js=,38wUCnPLG1dIAesIXuQzHnfLERs=
-10,-1,edTTmRFvXr65GaKM6KPNGMzc+js=,ZF3pbuooStx3o3GZi/3X4Fdw6Gg=
-5,-12,edTTmRFvXr65GaKM6KPNGMzc+js=,38wUCnPLG1dIAesIXuQzHnfLERs=
-10,-5,edTTmRFvXr65GaKM6KPNGMzc+js=,ZF3pbuooStx3o3GZi/3X4Fdw6Gg=
-4,-6,edTTmRFvXr65GaKM6KPNGMzc+js=,BYx0cgh63Ok/TQdlMDQaqUniYwc=
-9,-3,edTTmRFvXr65GaKM6KPNGMzc+js=,ZF3pbuooStx3o3GZi/3X4Fdw6Gg=
-1,-8,edTTmRFvXr65GaKM6KPNGMzc+js=,BYx0cgh63Ok/TQdlMDQaqUniYwc=
-2,-4,edTTmRFvXr65GaKM6KPNGMzc+js=,38wUCnPLG1dIAesIXuQzHnfLERs=
-8,-4,edTTmRFvXr65GaKM6KPNGMzc+js=,38wUCnPLG1dIAesIXuQzHnfLERs=
-12,-8,edTTmRFvXr65GaKM6KPNGMzc+js=,ZF3pbuooStx3o3GZi/3X4Fdw6Gg=
-8,-8,edTTmRFvXr65GaKM6KPNGMzc+js=,BYx0cgh63Ok/TQdlMDQaqUniYwc=
-12,-5,edTTmRFvXr65GaKM6KPNGMzc+js=,ZF3pbuooStx3o3GZi/3X4Fdw6Gg=
-5,-5,edTTmRFvXr65GaKM6KPNGMzc+js=,BYx0cgh63Ok/TQdlMDQaqUniYwc=
-2,-3,edTTmRFvXr65GaKM6KPNGMzc+js=,38wUCnPLG1dIAesIXuQzHnfLERs=
-9,-5,edTTmRFvXr65GaKM6KPNGMzc+js=,ZF3pbuooStx3o3GZi/3X4Fdw6Gg=
-4,-2,edTTmRFvXr65GaKM6KPNGMzc+js=,38wUCnPLG1dIAesIXuQzHnfLERs=
-9,-6,edTTmRFvXr65GaKM6KPNGMzc+js=,ZF3pbuooStx3o3GZi/3X4Fdw6Gg=
-9,-4,edTTmRFvXr65GaKM6KPNGMzc+js=,ZF3pbuooStx3o3GZi/3X4Fdw6Gg=
-10,-2,edTTmRFvXr65GaKM6KPNGMzc+js=,ZF3pbuooStx3o3GZi/3X4Fdw6Gg=
-7,-6,edTTmRFvXr65GaKM6KPNGMzc+js=,BYx0cgh63Ok/TQdlMDQaqUniYwc=
-10,-4,edTTmRFvXr65GaKM6KPNGMzc+js=,ZF3pbuooStx3o3GZi/3X4Fdw6Gg=
-3,-2,qj+Y1ybD7m9mHE7eFf1NZiZNF6A=,38wUCnPLG1dIAesIXuQzHnfLERs=
-5,-7,qj+Y1ybD7m9mHE7eFf1NZiZNF6A=,BYx0cgh63Ok/TQdlMDQaqUniYwc=
-12,-4,qj+Y1ybD7m9mHE7eFf1NZiZNF6A=,ZF3pbuooStx3o3GZi/3X4Fdw6Gg=
-4,-3,qj+Y1ybD7m9mHE7eFf1NZiZNF6A=,38wUCnPLG1dIAesIXuQzHnfLERs=
-4,-5,qj+Y1ybD7m9mHE7eFf1NZiZNF6A=,BYx0cgh63Ok/TQdlMDQaqUniYwc=
-3,-4,qj+Y1ybD7m9mHE7eFf1NZiZNF6A=,38wUCnPLG1dIAesIXuQzHnfLERs=
-3,-3,qj+Y1ybD7m9mHE7eFf1NZiZNF6A=,38wUCnPLG1dIAesIXuQzHnfLERs=
-9,-2,qj+Y1ybD7m9mHE7eFf1NZiZNF6A=,ZF3pbuooStx3o3GZi/3X4Fdw6Gg=
-4,-4,qj+Y1ybD7m9mHE7eFf1NZiZNF6A=,38wUCnPLG1dIAesIXuQzHnfLERs=
-12,-6,qj+Y1ybD7m9mHE7eFf1NZiZNF6A=,ZF3pbuooStx3o3GZi/3X4Fdw6Gg=
-8,-6,edTTmRFvXr65GaKM6KPNGMzc+js=,BYx0cgh63Ok/TQdlMDQaqUniYwc=
-9,-1,qj+Y1ybD7m9mHE7eFf1NZiZNF6A=,ZF3pbuooStx3o3GZi/3X4Fdw6Gg=
-12,-3,qj+Y1ybD7m9mHE7eFf1NZiZNF6A=,ZF3pbuooStx3o3GZi/3X4Fdw6Gg=
-8,-5,qj+Y1ybD7m9mHE7eFf1NZiZNF6A=,BYx0cgh63Ok/TQdlMDQaqUniYwc=
-16,-3,qj+Y1ybD7m9mHE7eFf1NZiZNF6A=,BYx0cgh63Ok/TQdlMDQaqUniYwc=
-16,-2,qj+Y1ybD7m9mHE7eFf1NZiZNF6A=,BYx0cgh63Ok/TQdlMDQaqUniYwc=
-16,-4,qj+Y1ybD7m9mHE7eFf1NZiZNF6A=,BYx0cgh63Ok/TQdlMDQaqUniYwc=
-6,-7,qj+Y1ybD7m9mHE7eFf1NZiZNF6A=,BYx0cgh63Ok/TQdlMDQaqUniYwc=
-11,-8,qj+Y1ybD7m9mHE7eFf1NZiZNF6A=,ZF3pbuooStx3o3GZi/3X4Fdw6Gg=
-11,-5,qj+Y1ybD7m9mHE7eFf1NZiZNF6A=,ZF3pbuooStx3o3GZi/3X4Fdw6Gg=
-10,-3,qj+Y1ybD7m9mHE7eFf1NZiZNF6A=,ZF3pbuooStx3o3GZi/3X4Fdw6Gg=
-11,-3,qj+Y1ybD7m9mHE7eFf1NZiZNF6A=,ZF3pbuooStx3o3GZi/3X4Fdw6Gg=
-5,-10,qj+Y1ybD7m9mHE7eFf1NZiZNF6A=,38wUCnPLG1dIAesIXuQzHnfLERs=
-2,-8,qj+Y1ybD7m9mHE7eFf1NZiZNF6A=,BYx0cgh63Ok/TQdlMDQaqUniYwc=
-6,-9,qj+Y1ybD7m9mHE7eFf1NZiZNF6A=,38wUCnPLG1dIAesIXuQzHnfLERs=
-11,-6,qj+Y1ybD7m9mHE7eFf1NZiZNF6A=,ZF3pbuooStx3o3GZi/3X4Fdw6Gg=
-14,-1,qj+Y1ybD7m9mHE7eFf1NZiZNF6A=,BYx0cgh63Ok/TQdlMDQaqUniYwc=
-15,-1,qj+Y1ybD7m9mHE7eFf1NZiZNF6A=,BYx0cgh63Ok/TQdlMDQaqUniYwc=
-11,-2,qj+Y1ybD7m9mHE7eFf1NZiZNF6A=,ZF3pbuooStx3o3GZi/3X4Fdw6Gg=
-13,-1,qj+Y1ybD7m9mHE7eFf1NZiZNF6A=,BYx0cgh63Ok/TQdlMDQaqUniYwc=
-16,-1,qj+Y1ybD7m9mHE7eFf1NZiZNF6A=,BYx0cgh63Ok/TQdlMDQaqUniYwc=
-12,-1,qj+Y1ybD7m9mHE7eFf1NZiZNF6A=,ZF3pbuooStx3o3GZi/3X4Fdw6Gg=
-5,-11,qj+Y1ybD7m9mHE7eFf1NZiZNF6A=,38wUCnPLG1dIAesIXuQzHnfLERs=
-11,-7,qj+Y1ybD7m9mHE7eFf1NZiZNF6A=,ZF3pbuooStx3o3GZi/3X4Fdw6Gg=
-6,-8,qj+Y1ybD7m9mHE7eFf1NZiZNF6A=,BYx0cgh63Ok/TQdlMDQaqUniYwc=
-5,-9,qj+Y1ybD7m9mHE7eFf1NZiZNF6A=,38wUCnPLG1dIAesIXuQzHnfLERs=
-11,-4,qj+Y1ybD7m9mHE7eFf1NZiZNF6A=,ZF3pbuooStx3o3GZi/3X4Fdw6Gg=
-2,-1,qj+Y1ybD7m9mHE7eFf1NZiZNF6A=,38wUCnPLG1dIAesIXuQzHnfLERs=
-1,-2,qj+Y1ybD7m9mHE7eFf1NZiZNF6A=,38wUCnPLG1dIAesIXuQzHnfLERs=
-3,-8,qj+Y1ybD7m9mHE7eFf1NZiZNF6A=,BYx0cgh63Ok/TQdlMDQaqUniYwc=
-2,-2,qj+Y1ybD7m9mHE7eFf1NZiZNF6A=,38wUCnPLG1dIAesIXuQzHnfLERs=
-11,-1,qj+Y1ybD7m9mHE7eFf1NZiZNF6A=,ZF3pbuooStx3o3GZi/3X4Fdw6Gg=
-3,-7,qj+Y1ybD7m9mHE7eFf1NZiZNF6A=,BYx0cgh63Ok/TQdlMDQaqUniYwc=
-4,-8,qj+Y1ybD7m9mHE7eFf1NZiZNF6A=,BYx0cgh63Ok/TQdlMDQaqUniYwc=
-4,-7,qj+Y1ybD7m9mHE7eFf1NZiZNF6A=,BYx0cgh63Ok/TQdlMDQaqUniYwc=
-5,-8,qj+Y1ybD7m9mHE7eFf1NZiZNF6A=,BYx0cgh63Ok/TQdlMDQaqUniYwc=
-1,-1,qj+Y1ybD7m9mHE7eFf1NZiZNF6A=,38wUCnPLG1dIAesIXuQzHnfLERs=
