-46,18,qj+Y1ybD7m9mHE7eFf1NZiZNF6A=,38wUCnPLG1dIAesIXuQzHnfLERs=
-47,17,qj+Y1ybD7m9mHE7eFf1NZiZNF6A=,38wUCnPLG1dIAesIXuQzHnfLERs=
-46,17,qj+Y1ybD7m9mHE7eFf1NZiZNF6A=,38wUCnPLG1dIAesIXuQzHnfLERs=
-47,18,qj+Y1ybD7m9mHE7eFf1NZiZNF6A=,38wUCnPLG1dIAesIXuQzHnfLERs=
-35,18,qj+Y1ybD7m9mHE7eFf1NZiZNF6A=,ZF3pbuooStx3o3GZi/3X4Fdw6Gg=
-34,18,qj+Y1ybD7m9mHE7eFf1NZiZNF6A=,ZF3pbuooStx3o3GZi/3X4Fdw6Gg=
-35,17,qj+Y1ybD7m9mHE7eFf1NZiZNF6A=,ZF3pbuooStx3o3GZi/3X4Fdw6Gg=
-34,17,qj+Y1ybD7m9mHE7eFf1NZiZNF6A=,ZF3pbuooStx3o3GZi/3X4Fdw6Gg=
-47,19,qj+Y1ybD7m9mHE7eFf1NZiZNF6A=,38wUCnPLG1dIAesIXuQzHnfLERs=
-46,19,qj+Y1ybD7m9mHE7eFf1NZiZNF6A=,38wUCnPLG1dIAesIXuQzHnfLERs=
-46,16,uJkm8g/FY7kLcuZEepj+KyBMy6w=,38wUCnPLG1dIAesIXuQzHnfLERs=
-47,16,uJkm8g/FY7kLcuZEepj+KyBMy6w=,38wUCnPLG1dIAesIXuQzHnfLERs=
-35,19,uJkm8g/FY7kLcuZEepj+KyBMy6w=,ZF3pbuooStx3o3GZi/3X4Fdw6Gg=
-34,19,uJkm8g/FY7kLcuZEepj+KyBMy6w=,ZF3pbuooStx3o3GZi/3X4Fdw6Gg=
-37,17,uJkm8g/FY7kLcuZEepj+KyBMy6w=,38wUCnPLG1dIAesIXuQzHnfLERs=
-44,19,uJkm8g/FY7kLcuZEepj+KyBMy6w=,BYx0cgh63Ok/TQdlMDQaqUniYwc=
-37,18,uJkm8g/FY7kLcuZEepj+KyBMy6w=,38wUCnPLG1dIAesIXuQzHnfLERs=
-45,16,uJkm8g/FY7kLcuZEepj+KyBMy6w=,38wUCnPLG1dIAesIXuQzHnfLERs=
-36,18,uJkm8g/FY7kLcuZEepj+KyBMy6w=,ZF3pbuooStx3o3GZi/3X4Fdw6Gg=
-33,18,uJkm8g/FY7kLcuZEepj+KyBMy6w=,ZF3pbuooStx3o3GZi/3X4Fdw6Gg=
-45,18,uJkm8g/FY7kLcuZEepj+KyBMy6w=,38wUCnPLG1dIAesIXuQzHnfLERs=
-45,19,uJkm8g/FY7kLcuZEepj+KyBMy6w=,38wUCnPLG1dIAesIXuQzHnfLERs=
-39,19,uJkm8g/FY7kLcuZEepj+KyBMy6w=,38wUCnPLG1dIAesIXuQzHnfLERs=
-38,18,uJkm8g/FY7kLcuZEepj+KyBMy6w=,38wUCnPLG1dIAesIXuQzHnfLERs=
-45,17,uJkm8g/FY7kLcuZEepj+KyBMy6w=,38wUCnPLG1dIAesIXuQzHnfLERs=
-41,19,uJkm8g/FY7kLcuZEepj+KyBMy6w=,BYx0cgh63Ok/TQdlMDQaqUniYwc=
-38,19,uJkm8g/FY7kLcuZEepj+KyBMy6w=,38wUCnPLG1dIAesIXuQzHnfLERs=
-42,19,uJkm8g/FY7kLcuZEepj+KyBMy6w=,BYx0cgh63Ok/TQdlMDQaqUniYwc=
-36,19,uJkm8g/FY7kLcuZEepj+KyBMy6w=,ZF3pbuooStx3o3GZi/3X4Fdw6Gg=
-48,17,uJkm8g/FY7kLcuZEepj+KyBMy6w=,38wUCnPLG1dIAesIXuQzHnfLERs=
-43,19,uJkm8g/FY7kLcuZEepj+KyBMy6w=,BYx0cgh63Ok/TQdlMDQaqUniYwc=
-37,19,uJkm8g/FY7kLcuZEepj+KyBMy6w=,38wUCnPLG1dIAesIXuQzHnfLERs=
-48,19,uJkm8g/FY7kLcuZEepj+KyBMy6w=,38wUCnPLG1dIAesIXuQzHnfLERs=
-36,17,uJkm8g/FY7kLcuZEepj+KyBMy6w=,ZF3pbuooStx3o3GZi/3X4Fdw6Gg=
-40,19,uJkm8g/FY7kLcuZEepj+KyBMy6w=,38wUCnPLG1dIAesIXuQzHnfLERs=
-48,18,uJkm8g/FY7kLcuZEepj+KyBMy6w=,38wUCnPLG1dIAesIXuQzHnfLERs=
-33,17,uJkm8g/FY7kLcuZEepj+KyBMy6w=,ZF3pbuooStx3o3GZi/3X4Fdw6Gg=
-44,18,uJkm8g/FY7kLcuZEepj+KyBMy6w=,BYx0cgh63Ok/TQdlMDQaqUniYwc=
-39,18,uJkm8g/FY7kLcuZEepj+KyBMy6w=,38wUCnPLG1dIAesIXuQzHnfLERs=
-33,19,uJkm8g/FY7kLcuZEepj+KyBMy6w=,ZF3pbuooStx3o3GZi/3X4Fdw6Gg=
-48,16,uJkm8g/FY7kLcuZEepj+KyBMy6w=,38wUCnPLG1dIAesIXuQzHnfLERs=
-36,16,uJkm8g/FY7kLcuZEepj+KyBMy6w=,ZF3pbuooStx3o3GZi/3X4Fdw6Gg=
-35,16,uJkm8g/FY7kLcuZEepj+KyBMy6w=,ZF3pbuooStx3o3GZi/3X4Fdw6Gg=
-43,18,uJkm8g/FY7kLcuZEepj+KyBMy6w=,BYx0cgh63Ok/TQdlMDQaqUniYwc=
-42,18,uJkm8g/FY7kLcuZEepj+KyBMy6w=,BYx0cgh63Ok/TQdlMDQaqUniYwc=
-40,18,uJkm8g/FY7kLcuZEepj+KyBMy6w=,38wUCnPLG1dIAesIXuQzHnfLERs=
-44,16,uJkm8g/FY7kLcuZEepj+KyBMy6w=,BYx0cgh63Ok/TQdlMDQaqUniYwc=
-42,16,uJkm8g/FY7kLcuZEepj+KyBMy6w=,BYx0cgh63Ok/TQdlMDQaqUniYwc=
-44,17,uJkm8g/FY7kLcuZEepj+KyBMy6w=,BYx0cgh63Ok/TQdlMDQaqUniYwc=
-33,16,uJkm8g/FY7kLcuZEepj+KyBMy6w=,ZF3pbuooStx3o3GZi/3X4Fdw6Gg=
-34,16,uJkm8g/FY7kLcuZEepj+KyBMy6w=,ZF3pbuooStx3o3GZi/3X4Fdw6Gg=
-37,16,uJkm8g/FY7kLcuZEepj+KyBMy6w=,38wUCnPLG1dIAesIXuQzHnfLERs=
-41,18,uJkm8g/FY7kLcuZEepj+KyBMy6w=,BYx0cgh63Ok/TQdlMDQaqUniYwc=
-43,16,uJkm8g/FY7kLcuZEepj+KyBMy6w=,BYx0cgh63Ok/TQdlMDQaqUniYwc=
-41,17,uJkm8g/FY7kLcuZEepj+KyBMy6w=,BYx0cgh63Ok/TQdlMDQaqUniYwc=
-41,16,uJkm8g/FY7kLcuZEepj+KyBMy6w=,BYx0cgh63Ok/TQdlMDQaqUniYwc=
-43,17,uJkm8g/FY7kLcuZEepj+KyBMy6w=,BYx0cgh63Ok/TQdlMDQaqUniYwc=
-39,16,uJkm8g/FY7kLcuZEepj+KyBMy6w=,38wUCnPLG1dIAesIXuQzHnfLERs=
-42,17,uJkm8g/FY7kLcuZEepj+KyBMy6w=,BYx0cgh63Ok/TQdlMDQaqUniYwc=
-40,17,uJkm8g/FY7kLcuZEepj+KyBMy6w=,38wUCnPLG1dIAesIXuQzHnfLERs=
-40,16,uJkm8g/FY7kLcuZEepj+KyBMy6w=,38wUCnPLG1dIAesIXuQzHnfLERs=
-39,17,uJkm8g/FY7kLcuZEepj+KyBMy6w=,38wUCnPLG1dIAesIXuQzHnfLERs=
-38,16,uJkm8g/FY7kLcuZEepj+KyBMy6w=,38wUCnPLG1dIAesIXuQzHnfLERs=
-38,17,uJkm8g/FY7kLcuZEepj+KyBMy6w=,38wUCnPLG1dIAesIXuQzHnfLERs=
-35,9,uJkm8g/FY7kLcuZEepj+KyBMy6w=,ZF3pbuooStx3o3GZi/3X4Fdw6Gg=
-34,9,uJkm8g/FY7kLcuZEepj+KyBMy6w=,ZF3pbuooStx3o3GZi/3X4Fdw6Gg=
-33,9,uJkm8g/FY7kLcuZEepj+KyBMy6w=,ZF3pbuooStx3o3GZi/3X4Fdw6Gg=
-34,10,uJkm8g/FY7kLcuZEepj+KyBMy6w=,ZF3pbuooStx3o3GZi/3X4Fdw6Gg=
-36,9,uJkm8g/FY7kLcuZEepj+KyBMy6w=,ZF3pbuooStx3o3GZi/3X4Fdw6Gg=
-39,9,uJkm8g/FY7kLcuZEepj+KyBMy6w=,BYx0cgh63Ok/TQdlMDQaqUniYwc=
-38,9,uJkm8g/FY7kLcuZEepj+KyBMy6w=,BYx0cgh63Ok/TQdlMDQaqUniYwc=
-37,9,uJkm8g/FY7kLcuZEepj+KyBMy6w=,BYx0cgh63Ok/TQdlMDQaqUniYwc=
-39,10,uJkm8g/FY7kLcuZEepj+KyBMy6w=,BYx0cgh63Ok/TQdlMDQaqUniYwc=
-40,9,uJkm8g/FY7kLcuZEepj+KyBMy6w=,BYx0cgh63Ok/TQdlMDQaqUniYwc=
-43,10,uJkm8g/FY7kLcuZEepj+KyBMy6w=,38wUCnPLG1dIAesIXuQzHnfLERs=
-42,10,uJkm8g/FY7kLcuZEepj+KyBMy6w=,38wUCnPLG1dIAesIXuQzHnfLERs=
-40,10,uJkm8g/FY7kLcuZEepj+KyBMy6w=,BYx0cgh63Ok/TQdlMDQaqUniYwc=
-41,10,uJkm8g/FY7kLcuZEepj+KyBMy6w=,38wUCnPLG1dIAesIXuQzHnfLERs=
-43,9,uJkm8g/FY7kLcuZEepj+KyBMy6w=,38wUCnPLG1dIAesIXuQzHnfLERs=
-42,9,uJkm8g/FY7kLcuZEepj+KyBMy6w=,38wUCnPLG1dIAesIXuQzHnfLERs=
-41,9,uJkm8g/FY7kLcuZEepj+KyBMy6w=,38wUCnPLG1dIAesIXuQzHnfLERs=
-47,14,uJkm8g/FY7kLcuZEepj+KyBMy6w=,BYx0cgh63Ok/TQdlMDQaqUniYwc=
-46,14,uJkm8g/FY7kLcuZEepj+KyBMy6w=,BYx0cgh63Ok/TQdlMDQaqUniYwc=
-47,13,uJkm8g/FY7kLcuZEepj+KyBMy6w=,BYx0cgh63Ok/TQdlMDQaqUniYwc=
-46,13,uJkm8g/FY7kLcuZEepj+KyBMy6w=,BYx0cgh63Ok/TQdlMDQaqUniYwc=
-44,9,uJkm8g/FY7kLcuZEepj+KyBMy6w=,38wUCnPLG1dIAesIXuQzHnfLERs=
-45,9,uJkm8g/FY7kLcuZEepj+KyBMy6w=,ZF3pbuooStx3o3GZi/3X4Fdw6Gg=
-47,10,uJkm8g/FY7kLcuZEepj+KyBMy6w=,ZF3pbuooStx3o3GZi/3X4Fdw6Gg=
-47,12,Y3XflJPPFFIElkhH8OwYbMwa8pY=,BYx0cgh63Ok/TQdlMDQaqUniYwc=
-44,10,Y3XflJPPFFIElkhH8OwYbMwa8pY=,38wUCnPLG1dIAesIXuQzHnfLERs=
-46,12,Y3XflJPPFFIElkhH8OwYbMwa8pY=,BYx0cgh63Ok/TQdlMDQaqUniYwc=
-46,9,Y3XflJPPFFIElkhH8OwYbMwa8pY=,ZF3pbuooStx3o3GZi/3X4Fdw6Gg=
-47,11,Y3XflJPPFFIElkhH8OwYbMwa8pY=,ZF3pbuooStx3o3GZi/3X4Fdw6Gg=
-46,11,Y3XflJPPFFIElkhH8OwYbMwa8pY=,ZF3pbuooStx3o3GZi/3X4Fdw6Gg=
-46,10,Y3XflJPPFFIElkhH8OwYbMwa8pY=,ZF3pbuooStx3o3GZi/3X4Fdw6Gg=
-45,10,Y3XflJPPFFIElkhH8OwYbMwa8pY=,ZF3pbuooStx3o3GZi/3X4Fdw6Gg=
-47,9,Y3XflJPPFFIElkhH8OwYbMwa8pY=,ZF3pbuooStx3o3GZi/3X4Fdw6Gg=
-48,14,Y3XflJPPFFIElkhH8OwYbMwa8pY=,BYx0cgh63Ok/TQdlMDQaqUniYwc=
-47,15,Y3XflJPPFFIElkhH8OwYbMwa8pY=,BYx0cgh63Ok/TQdlMDQaqUniYwc=
-48,13,Y3XflJPPFFIElkhH8OwYbMwa8pY=,BYx0cgh63Ok/TQdlMDQaqUniYwc=
-46,15,Y3XflJPPFFIElkhH8OwYbMwa8pY=,BYx0cgh63Ok/TQdlMDQaqUniYwc=
-48,15,Y3XflJPPFFIElkhH8OwYbMwa8pY=,BYx0cgh63Ok/TQdlMDQaqUniYwc=
-45,12,Y3XflJPPFFIElkhH8OwYbMwa8pY=,BYx0cgh63Ok/TQdlMDQaqUniYwc=
-44,11,Y3XflJPPFFIElkhH8OwYbMwa8pY=,38wUCnPLG1dIAesIXuQzHnfLERs=
-34,8,Y3XflJPPFFIElkhH8OwYbMwa8pY=,ZF3pbuooStx3o3GZi/3X4Fdw6Gg=
-36,8,Y3XflJPPFFIElkhH8OwYbMwa8pY=,ZF3pbuooStx3o3GZi/3X4Fdw6Gg=
-43,11,Y3XflJPPFFIElkhH8OwYbMwa8pY=,38wUCnPLG1dIAesIXuQzHnfLERs=
-35,8,Y3XflJPPFFIElkhH8OwYbMwa8pY=,ZF3pbuooStx3o3GZi/3X4Fdw6Gg=
-43,8,Y3XflJPPFFIElkhH8OwYbMwa8pY=,38wUCnPLG1dIAesIXuQzHnfLERs=
-33,8,Y3XflJPPFFIElkhH8OwYbMwa8pY=,ZF3pbuooStx3o3GZi/3X4Fdw6Gg=
-40,8,Y3XflJPPFFIElkhH8OwYbMwa8pY=,BYx0cgh63Ok/TQdlMDQaqUniYwc=
-37,8,Y3XflJPPFFIElkhH8OwYbMwa8pY=,BYx0cgh63Ok/TQdlMDQaqUniYwc=
-45,14,Y3XflJPPFFIElkhH8OwYbMwa8pY=,BYx0cgh63Ok/TQdlMDQaqUniYwc=
-44,12,Y3XflJPPFFIElkhH8OwYbMwa8pY=,ZF3pbuooStx3o3GZi/3X4Fdw6Gg=
-38,8,Y3XflJPPFFIElkhH8OwYbMwa8pY=,BYx0cgh63Ok/TQdlMDQaqUniYwc=
-42,8,Y3XflJPPFFIElkhH8OwYbMwa8pY=,38wUCnPLG1dIAesIXuQzHnfLERs=
-41,8,Y3XflJPPFFIElkhH8OwYbMwa8pY=,38wUCnPLG1dIAesIXuQzHnfLERs=
-39,8,Y3XflJPPFFIElkhH8OwYbMwa8pY=,BYx0cgh63Ok/TQdlMDQaqUniYwc=
-47,8,Y3XflJPPFFIElkhH8OwYbMwa8pY=,ZF3pbuooStx3o3GZi/3X4Fdw6Gg=
-46,8,Y3XflJPPFFIElkhH8OwYbMwa8pY=,ZF3pbuooStx3o3GZi/3X4Fdw6Gg=
-45,8,Y3XflJPPFFIElkhH8OwYbMwa8pY=,ZF3pbuooStx3o3GZi/3X4Fdw6Gg=
-44,8,Y3XflJPPFFIElkhH8OwYbMwa8pY=,38wUCnPLG1dIAesIXuQzHnfLERs=
-48,10,Y3XflJPPFFIElkhH8OwYbMwa8pY=,ZF3pbuooStx3o3GZi/3X4Fdw6Gg=
-48,12,Y3XflJPPFFIElkhH8OwYbMwa8pY=,BYx0cgh63Ok/TQdlMDQaqUniYwc=
-48,11,Y3XflJPPFFIElkhH8OwYbMwa8pY=,ZF3pbuooStx3o3GZi/3X4Fdw6Gg=
-48,9,Y3XflJPPFFIElkhH8OwYbMwa8pY=,ZF3pbuooStx3o3GZi/3X4Fdw6Gg=
-48,8,Y3XflJPPFFIElkhH8OwYbMwa8pY=,ZF3pbuooStx3o3GZi/3X4Fdw6Gg=
-38,10,Y3XflJPPFFIElkhH8OwYbMwa8pY=,BYx0cgh63Ok/TQdlMDQaqUniYwc=
-35,11,Y3XflJPPFFIElkhH8OwYbMwa8pY=,ZF3pbuooStx3o3GZi/3X4Fdw6Gg=
-39,11,Y3XflJPPFFIElkhH8OwYbMwa8pY=,BYx0cgh63Ok/TQdlMDQaqUniYwc=
-35,15,Y3XflJPPFFIElkhH8OwYbMwa8pY=,38wUCnPLG1dIAesIXuQzHnfLERs=
-37,10,Y3XflJPPFFIElkhH8OwYbMwa8pY=,BYx0cgh63Ok/TQdlMDQaqUniYwc=
-36,10,Y3XflJPPFFIElkhH8OwYbMwa8pY=,ZF3pbuooStx3o3GZi/3X4Fdw6Gg=
-35,13,Y3XflJPPFFIElkhH8OwYbMwa8pY=,38wUCnPLG1dIAesIXuQzHnfLERs=
-35,12,Y3XflJPPFFIElkhH8OwYbMwa8pY=,38wUCnPLG1dIAesIXuQzHnfLERs=
-35,14,Y3XflJPPFFIElkhH8OwYbMwa8pY=,38wUCnPLG1dIAesIXuQzHnfLERs=
-36,15,Y3XflJPPFFIElkhH8OwYbMwa8pY=,38wUCnPLG1dIAesIXuQzHnfLERs=
-35,10,Y3XflJPPFFIElkhH8OwYbMwa8pY=,ZF3pbuooStx3o3GZi/3X4Fdw6Gg=
-36,14,Y3XflJPPFFIElkhH8OwYbMwa8pY=,38wUCnPLG1dIAesIXuQzHnfLERs=
-38,11,Y3XflJPPFFIElkhH8OwYbMwa8pY=,BYx0cgh63Ok/TQdlMDQaqUniYwc=
-34,11,Y3XflJPPFFIElkhH8OwYbMwa8pY=,ZF3pbuooStx3o3GZi/3X4Fdw6Gg=
-39,14,Y3XflJPPFFIElkhH8OwYbMwa8pY=,BYx0cgh63Ok/TQdlMDQaqUniYwc=
-37,11,Y3XflJPPFFIElkhH8OwYbMwa8pY=,BYx0cgh63Ok/TQdlMDQaqUniYwc=
-38,12,Y3XflJPPFFIElkhH8OwYbMwa8pY=,BYx0cgh63Ok/TQdlMDQaqUniYwc=
-33,15,Y3XflJPPFFIElkhH8OwYbMwa8pY=,38wUCnPLG1dIAesIXuQzHnfLERs=
-33,10,Y3XflJPPFFIElkhH8OwYbMwa8pY=,ZF3pbuooStx3o3GZi/3X4Fdw6Gg=
-33,14,Y3XflJPPFFIElkhH8OwYbMwa8pY=,38wUCnPLG1dIAesIXuQzHnfLERs=
-40,13,Y3XflJPPFFIElkhH8OwYbMwa8pY=,BYx0cgh63Ok/TQdlMDQaqUniYwc=
-37,12,Y3XflJPPFFIElkhH8OwYbMwa8pY=,BYx0cgh63Ok/TQdlMDQaqUniYwc=
-36,13,Y3XflJPPFFIElkhH8OwYbMwa8pY=,38wUCnPLG1dIAesIXuQzHnfLERs=
-33,11,Y3XflJPPFFIElkhH8OwYbMwa8pY=,ZF3pbuooStx3o3GZi/3X4Fdw6Gg=
-37,15,Y3XflJPPFFIElkhH8OwYbMwa8pY=,BYx0cgh63Ok/TQdlMDQaqUniYwc=
-36,11,Y3XflJPPFFIElkhH8OwYbMwa8pY=,ZF3pbuooStx3o3GZi/3X4Fdw6Gg=
-38,15,Y3XflJPPFFIElkhH8OwYbMwa8pY=,BYx0cgh63Ok/TQdlMDQaqUniYwc=
-38,14,Y3XflJPPFFIElkhH8OwYbMwa8pY=,BYx0cgh63Ok/TQdlMDQaqUniYwc=
-37,13,Y3XflJPPFFIElkhH8OwYbMwa8pY=,BYx0cgh63Ok/TQdlMDQaqUniYwc=
-39,13,Y3XflJPPFFIElkhH8OwYbMwa8pY=,BYx0cgh63Ok/TQdlMDQaqUniYwc=
-45,13,Y3XflJPPFFIElkhH8OwYbMwa8pY=,BYx0cgh63Ok/TQdlMDQaqUniYwc=
-45,11,Y3XflJPPFFIElkhH8OwYbMwa8pY=,ZF3pbuooStx3o3GZi/3X4Fdw6Gg=
-45,15,Y3XflJPPFFIElkhH8OwYbMwa8pY=,BYx0cgh63Ok/TQdlMDQaqUniYwc=
-33,12,Y3XflJPPFFIElkhH8OwYbMwa8pY=,38wUCnPLG1dIAesIXuQzHnfLERs=
-40,12,Y3XflJPPFFIElkhH8OwYbMwa8pY=,BYx0cgh63Ok/TQdlMDQaqUniYwc=
-40,11,Y3XflJPPFFIElkhH8OwYbMwa8pY=,BYx0cgh63Ok/TQdlMDQaqUniYwc=
-37,14,Y3XflJPPFFIElkhH8OwYbMwa8pY=,BYx0cgh63Ok/TQdlMDQaqUniYwc=
-34,14,Y3XflJPPFFIElkhH8OwYbMwa8pY=,38wUCnPLG1dIAesIXuQzHnfLERs=
-34,13,Y3XflJPPFFIElkhH8OwYbMwa8pY=,38wUCnPLG1dIAesIXuQzHnfLERs=
-41,11,Y3XflJPPFFIElkhH8OwYbMwa8pY=,38wUCnPLG1dIAesIXuQzHnfLERs=
-34,12,Y3XflJPPFFIElkhH8OwYbMwa8pY=,38wUCnPLG1dIAesIXuQzHnfLERs=
-42,11,Y3XflJPPFFIElkhH8OwYbMwa8pY=,38wUCnPLG1dIAesIXuQzHnfLERs=
-44,15,Y3XflJPPFFIElkhH8OwYbMwa8pY=,ZF3pbuooStx3o3GZi/3X4Fdw6Gg=
-44,14,Y3XflJPPFFIElkhH8OwYbMwa8pY=,ZF3pbuooStx3o3GZi/3X4Fdw6Gg=
-38,13,Y3XflJPPFFIElkhH8OwYbMwa8pY=,BYx0cgh63Ok/TQdlMDQaqUniYwc=
-34,15,kOLVho2vEUVkcudYMsYBNlP4f5w=,38wUCnPLG1dIAesIXuQzHnfLERs=
-44,13,kOLVho2vEUVkcudYMsYBNlP4f5w=,ZF3pbuooStx3o3GZi/3X4Fdw6Gg=
-42,15,kOLVho2vEUVkcudYMsYBNlP4f5w=,ZF3pbuooStx3o3GZi/3X4Fdw6Gg=
-33,13,kOLVho2vEUVkcudYMsYBNlP4f5w=,38wUCnPLG1dIAesIXuQzHnfLERs=
-43,12,kOLVho2vEUVkcudYMsYBNlP4f5w=,ZF3pbuooStx3o3GZi/3X4Fdw6Gg=
-36,12,kOLVho2vEUVkcudYMsYBNlP4f5w=,38wUCnPLG1dIAesIXuQzHnfLERs=
-40,14,kOLVho2vEUVkcudYMsYBNlP4f5w=,BYx0cgh63Ok/TQdlMDQaqUniYwc=
-43,15,kOLVho2vEUVkcudYMsYBNlP4f5w=,ZF3pbuooStx3o3GZi/3X4Fdw6Gg=
-42,12,kOLVho2vEUVkcudYMsYBNlP4f5w=,ZF3pbuooStx3o3GZi/3X4Fdw6Gg=
-41,15,kOLVho2vEUVkcudYMsYBNlP4f5w=,ZF3pbuooStx3o3GZi/3X4Fdw6Gg=
-41,13,kOLVho2vEUVkcudYMsYBNlP4f5w=,ZF3pbuooStx3o3GZi/3X4Fdw6Gg=
-41,12,kOLVho2vEUVkcudYMsYBNlP4f5w=,ZF3pbuooStx3o3GZi/3X4Fdw6Gg=
-43,14,kOLVho2vEUVkcudYMsYBNlP4f5w=,ZF3pbuooStx3o3GZi/3X4Fdw6Gg=
-43,13,kOLVho2vEUVkcudYMsYBNlP4f5w=,ZF3pbuooStx3o3GZi/3X4Fdw6Gg=
-41,14,kOLVho2vEUVkcudYMsYBNlP4f5w=,ZF3pbuooStx3o3GZi/3X4Fdw6Gg=
-40,15,kOLVho2vEUVkcudYMsYBNlP4f5w=,BYx0cgh63Ok/TQdlMDQaqUniYwc=
-42,14,kOLVho2vEUVkcudYMsYBNlP4f5w=,ZF3pbuooStx3o3GZi/3X4Fdw6Gg=
-39,15,kOLVho2vEUVkcudYMsYBNlP4f5w=,BYx0cgh63Ok/TQdlMDQaqUniYwc=
-42,13,kOLVho2vEUVkcudYMsYBNlP4f5w=,ZF3pbuooStx3o3GZi/3X4Fdw6Gg=
-39,12,kOLVho2vEUVkcudYMsYBNlP4f5w=,BYx0cgh63Ok/TQdlMDQaqUniYwc=
