-10,-1,Sh3DVec1gkpyY1EYpch0tHrqxg8=,3w//nHOPZgPR5ycRQHf8q03KIJc=
-11,-1,P7O/+iwPouVl6NZIipZ77T9bbq8=,3w//nHOPZgPR5ycRQHf8q03KIJc=
-9,-1,Sh3DVec1gkpyY1EYpch0tHrqxg8=,3w//nHOPZgPR5ycRQHf8q03KIJc=
-12,-1,P7O/+iwPouVl6NZIipZ77T9bbq8=,3w//nHOPZgPR5ycRQHf8q03KIJc=
-13,-1,P7O/+iwPouVl6NZIipZ77T9bbq8=,3w//nHOPZgPR5ycRQHf8q03KIJc=
-14,-1,P7O/+iwPouVl6NZIipZ77T9bbq8=,3w//nHOPZgPR5ycRQHf8q03KIJc=
-2,-1,Sh3DVec1gkpyY1EYpch0tHrqxg8=,3w//nHOPZgPR5ycRQHf8q03KIJc=
-1,-1,Sh3DVec1gkpyY1EYpch0tHrqxg8=,3w//nHOPZgPR5ycRQHf8q03KIJc=
-8,-1,Sh3DVec1gkpyY1EYpch0tHrqxg8=,3w//nHOPZgPR5ycRQHf8q03KIJc=
-11,-15,Sh3DVec1gkpyY1EYpch0tHrqxg8=,3w//nHOPZgPR5ycRQHf8q03KIJc=
-11,-13,eiUSviAdm+CWiVJos5ZYKIxC7pI=,3w//nHOPZgPR5ycRQHf8q03KIJc=
-13,-15,P7O/+iwPouVl6NZIipZ77T9bbq8=,3w//nHOPZgPR5ycRQHf8q03KIJc=
-12,-13,Sh3DVec1gkpyY1EYpch0tHrqxg8=,3w//nHOPZgPR5ycRQHf8q03KIJc=
-12,-15,Sh3DVec1gkpyY1EYpch0tHrqxg8=,3w//nHOPZgPR5ycRQHf8q03KIJc=
-13,-13,Sh3DVec1gkpyY1EYpch0tHrqxg8=,3w//nHOPZgPR5ycRQHf8q03KIJc=
-1,-13,eiUSviAdm+CWiVJos5ZYKIxC7pI=,3w//nHOPZgPR5ycRQHf8q03KIJc=
-2,-13,Sh3DVec1gkpyY1EYpch0tHrqxg8=,3w//nHOPZgPR5ycRQHf8q03KIJc=
-3,-13,Sh3DVec1gkpyY1EYpch0tHrqxg8=,3w//nHOPZgPR5ycRQHf8q03KIJc=
-10,-13,Sh3DVec1gkpyY1EYpch0tHrqxg8=,3w//nHOPZgPR5ycRQHf8q03KIJc=
-11,-16,Sh3DVec1gkpyY1EYpch0tHrqxg8=,3w//nHOPZgPR5ycRQHf8q03KIJc=
-7,-12,eiUSviAdm+CWiVJos5ZYKIxC7pI=,3w//nHOPZgPR5ycRQHf8q03KIJc=
-9,-12,eiUSviAdm+CWiVJos5ZYKIxC7pI=,3w//nHOPZgPR5ycRQHf8q03KIJc=
-14,-13,Sh3DVec1gkpyY1EYpch0tHrqxg8=,3w//nHOPZgPR5ycRQHf8q03KIJc=
-6,-12,eiUSviAdm+CWiVJos5ZYKIxC7pI=,3w//nHOPZgPR5ycRQHf8q03KIJc=
-13,-16,eiUSviAdm+CWiVJos5ZYKIxC7pI=,3w//nHOPZgPR5ycRQHf8q03KIJc=
-7,-1,Sh3DVec1gkpyY1EYpch0tHrqxg8=,3w//nHOPZgPR5ycRQHf8q03KIJc=
-15,-1,P7O/+iwPouVl6NZIipZ77T9bbq8=,3w//nHOPZgPR5ycRQHf8q03KIJc=
-3,-1,Sh3DVec1gkpyY1EYpch0tHrqxg8=,3w//nHOPZgPR5ycRQHf8q03KIJc=
-5,-12,eiUSviAdm+CWiVJos5ZYKIxC7pI=,3w//nHOPZgPR5ycRQHf8q03KIJc=
-15,-13,P7O/+iwPouVl6NZIipZ77T9bbq8=,3w//nHOPZgPR5ycRQHf8q03KIJc=
-5,-1,Sh3DVec1gkpyY1EYpch0tHrqxg8=,3w//nHOPZgPR5ycRQHf8q03KIJc=
-10,-12,eiUSviAdm+CWiVJos5ZYKIxC7pI=,3w//nHOPZgPR5ycRQHf8q03KIJc=
-11,-14,eiUSviAdm+CWiVJos5ZYKIxC7pI=,3w//nHOPZgPR5ycRQHf8q03KIJc=
-11,-12,eiUSviAdm+CWiVJos5ZYKIxC7pI=,3w//nHOPZgPR5ycRQHf8q03KIJc=
-6,-1,Sh3DVec1gkpyY1EYpch0tHrqxg8=,3w//nHOPZgPR5ycRQHf8q03KIJc=
-10,-14,Sh3DVec1gkpyY1EYpch0tHrqxg8=,3w//nHOPZgPR5ycRQHf8q03KIJc=
-4,-1,eiUSviAdm+CWiVJos5ZYKIxC7pI=,3w//nHOPZgPR5ycRQHf8q03KIJc=
-14,-15,P7O/+iwPouVl6NZIipZ77T9bbq8=,3w//nHOPZgPR5ycRQHf8q03KIJc=
-12,-14,Sh3DVec1gkpyY1EYpch0tHrqxg8=,3w//nHOPZgPR5ycRQHf8q03KIJc=
-8,-12,eiUSviAdm+CWiVJos5ZYKIxC7pI=,3w//nHOPZgPR5ycRQHf8q03KIJc=
-13,-14,P7O/+iwPouVl6NZIipZ77T9bbq8=,3w//nHOPZgPR5ycRQHf8q03KIJc=
-12,-12,eiUSviAdm+CWiVJos5ZYKIxC7pI=,3w//nHOPZgPR5ycRQHf8q03KIJc=
-16,-12,eiUSviAdm+CWiVJos5ZYKIxC7pI=,3w//nHOPZgPR5ycRQHf8q03KIJc=
-5,-13,eiUSviAdm+CWiVJos5ZYKIxC7pI=,3w//nHOPZgPR5ycRQHf8q03KIJc=
-15,-16,Sh3DVec1gkpyY1EYpch0tHrqxg8=,3w//nHOPZgPR5ycRQHf8q03KIJc=
-13,-12,eiUSviAdm+CWiVJos5ZYKIxC7pI=,3w//nHOPZgPR5ycRQHf8q03KIJc=
-15,-12,eiUSviAdm+CWiVJos5ZYKIxC7pI=,3w//nHOPZgPR5ycRQHf8q03KIJc=
-16,-1,P7O/+iwPouVl6NZIipZ77T9bbq8=,3w//nHOPZgPR5ycRQHf8q03KIJc=
-2,-2,P7O/+iwPouVl6NZIipZ77T9bbq8=,3w//nHOPZgPR5ycRQHf8q03KIJc=
-1,-3,P7O/+iwPouVl6NZIipZ77T9bbq8=,3w//nHOPZgPR5ycRQHf8q03KIJc=
-2,-4,P7O/+iwPouVl6NZIipZ77T9bbq8=,3w//nHOPZgPR5ycRQHf8q03KIJc=
-1,-4,P7O/+iwPouVl6NZIipZ77T9bbq8=,3w//nHOPZgPR5ycRQHf8q03KIJc=
-4,-2,P7O/+iwPouVl6NZIipZ77T9bbq8=,3w//nHOPZgPR5ycRQHf8q03KIJc=
-6,-2,P7O/+iwPouVl6NZIipZ77T9bbq8=,3w//nHOPZgPR5ycRQHf8q03KIJc=
-1,-2,P7O/+iwPouVl6NZIipZ77T9bbq8=,3w//nHOPZgPR5ycRQHf8q03KIJc=
-9,-2,P7O/+iwPouVl6NZIipZ77T9bbq8=,3w//nHOPZgPR5ycRQHf8q03KIJc=
-8,-2,P7O/+iwPouVl6NZIipZ77T9bbq8=,3w//nHOPZgPR5ycRQHf8q03KIJc=
-5,-2,P7O/+iwPouVl6NZIipZ77T9bbq8=,3w//nHOPZgPR5ycRQHf8q03KIJc=
-14,-14,P7O/+iwPouVl6NZIipZ77T9bbq8=,3w//nHOPZgPR5ycRQHf8q03KIJc=
-1,-12,eiUSviAdm+CWiVJos5ZYKIxC7pI=,3w//nHOPZgPR5ycRQHf8q03KIJc=
-2,-12,eiUSviAdm+CWiVJos5ZYKIxC7pI=,3w//nHOPZgPR5ycRQHf8q03KIJc=
-11,-2,P7O/+iwPouVl6NZIipZ77T9bbq8=,3w//nHOPZgPR5ycRQHf8q03KIJc=
-8,-13,Sh3DVec1gkpyY1EYpch0tHrqxg8=,3w//nHOPZgPR5ycRQHf8q03KIJc=
-16,-11,eiUSviAdm+CWiVJos5ZYKIxC7pI=,3w//nHOPZgPR5ycRQHf8q03KIJc=
-12,-16,P7O/+iwPouVl6NZIipZ77T9bbq8=,3w//nHOPZgPR5ycRQHf8q03KIJc=
-6,-13,eiUSviAdm+CWiVJos5ZYKIxC7pI=,3w//nHOPZgPR5ycRQHf8q03KIJc=
-7,-13,Sh3DVec1gkpyY1EYpch0tHrqxg8=,3w//nHOPZgPR5ycRQHf8q03KIJc=
-4,-13,eiUSviAdm+CWiVJos5ZYKIxC7pI=,3w//nHOPZgPR5ycRQHf8q03KIJc=
-3,-12,eiUSviAdm+CWiVJos5ZYKIxC7pI=,3w//nHOPZgPR5ycRQHf8q03KIJc=
-14,-12,eiUSviAdm+CWiVJos5ZYKIxC7pI=,3w//nHOPZgPR5ycRQHf8q03KIJc=
-3,-2,P7O/+iwPouVl6NZIipZ77T9bbq8=,3w//nHOPZgPR5ycRQHf8q03KIJc=
-16,-16,eiUSviAdm+CWiVJos5ZYKIxC7pI=,3w//nHOPZgPR5ycRQHf8q03KIJc=
-9,-13,eiUSviAdm+CWiVJos5ZYKIxC7pI=,3w//nHOPZgPR5ycRQHf8q03KIJc=
-4,-12,eiUSviAdm+CWiVJos5ZYKIxC7pI=,3w//nHOPZgPR5ycRQHf8q03KIJc=
-2,-11,eiUSviAdm+CWiVJos5ZYKIxC7pI=,3w//nHOPZgPR5ycRQHf8q03KIJc=
-1,-11,eiUSviAdm+CWiVJos5ZYKIxC7pI=,3w//nHOPZgPR5ycRQHf8q03KIJc=
-8,-14,eiUSviAdm+CWiVJos5ZYKIxC7pI=,3w//nHOPZgPR5ycRQHf8q03KIJc=
-16,-10,eiUSviAdm+CWiVJos5ZYKIxC7pI=,3w//nHOPZgPR5ycRQHf8q03KIJc=
-15,-11,eiUSviAdm+CWiVJos5ZYKIxC7pI=,3w//nHOPZgPR5ycRQHf8q03KIJc=
-9,-14,eiUSviAdm+CWiVJos5ZYKIxC7pI=,3w//nHOPZgPR5ycRQHf8q03KIJc=
-10,-15,eiUSviAdm+CWiVJos5ZYKIxC7pI=,3w//nHOPZgPR5ycRQHf8q03KIJc=
-12,-11,eiUSviAdm+CWiVJos5ZYKIxC7pI=,3w//nHOPZgPR5ycRQHf8q03KIJc=
-14,-11,eiUSviAdm+CWiVJos5ZYKIxC7pI=,3w//nHOPZgPR5ycRQHf8q03KIJc=
-10,-16,eiUSviAdm+CWiVJos5ZYKIxC7pI=,3w//nHOPZgPR5ycRQHf8q03KIJc=
-9,-11,BmiPNN7S7RhEWg+CWeX1aQnSWWM=,3w//nHOPZgPR5ycRQHf8q03KIJc=
-11,-11,BmiPNN7S7RhEWg+CWeX1aQnSWWM=,3w//nHOPZgPR5ycRQHf8q03KIJc=
-10,-2,P7O/+iwPouVl6NZIipZ77T9bbq8=,3w//nHOPZgPR5ycRQHf8q03KIJc=
-7,-11,P7O/+iwPouVl6NZIipZ77T9bbq8=,3w//nHOPZgPR5ycRQHf8q03KIJc=
-10,-11,BmiPNN7S7RhEWg+CWeX1aQnSWWM=,3w//nHOPZgPR5ycRQHf8q03KIJc=
-8,-11,P7O/+iwPouVl6NZIipZ77T9bbq8=,3w//nHOPZgPR5ycRQHf8q03KIJc=
-3,-11,eiUSviAdm+CWiVJos5ZYKIxC7pI=,3w//nHOPZgPR5ycRQHf8q03KIJc=
-2,-10,eiUSviAdm+CWiVJos5ZYKIxC7pI=,3w//nHOPZgPR5ycRQHf8q03KIJc=
-7,-14,eiUSviAdm+CWiVJos5ZYKIxC7pI=,3w//nHOPZgPR5ycRQHf8q03KIJc=
-1,-10,eiUSviAdm+CWiVJos5ZYKIxC7pI=,3w//nHOPZgPR5ycRQHf8q03KIJc=
-16,-9,eiUSviAdm+CWiVJos5ZYKIxC7pI=,3w//nHOPZgPR5ycRQHf8q03KIJc=
-6,-11,P7O/+iwPouVl6NZIipZ77T9bbq8=,3w//nHOPZgPR5ycRQHf8q03KIJc=
-8,-15,eiUSviAdm+CWiVJos5ZYKIxC7pI=,3w//nHOPZgPR5ycRQHf8q03KIJc=
-8,-16,eiUSviAdm+CWiVJos5ZYKIxC7pI=,3w//nHOPZgPR5ycRQHf8q03KIJc=
-9,-16,eiUSviAdm+CWiVJos5ZYKIxC7pI=,3w//nHOPZgPR5ycRQHf8q03KIJc=
-13,-11,eiUSviAdm+CWiVJos5ZYKIxC7pI=,3w//nHOPZgPR5ycRQHf8q03KIJc=
-2,-9,eiUSviAdm+CWiVJos5ZYKIxC7pI=,3w//nHOPZgPR5ycRQHf8q03KIJc=
-1,-9,eiUSviAdm+CWiVJos5ZYKIxC7pI=,3w//nHOPZgPR5ycRQHf8q03KIJc=
-6,-14,eiUSviAdm+CWiVJos5ZYKIxC7pI=,3w//nHOPZgPR5ycRQHf8q03KIJc=
-5,-11,eiUSviAdm+CWiVJos5ZYKIxC7pI=,3w//nHOPZgPR5ycRQHf8q03KIJc=
-16,-8,eiUSviAdm+CWiVJos5ZYKIxC7pI=,3w//nHOPZgPR5ycRQHf8q03KIJc=
-9,-15,eiUSviAdm+CWiVJos5ZYKIxC7pI=,3w//nHOPZgPR5ycRQHf8q03KIJc=
-15,-8,eiUSviAdm+CWiVJos5ZYKIxC7pI=,3w//nHOPZgPR5ycRQHf8q03KIJc=
-7,-16,eiUSviAdm+CWiVJos5ZYKIxC7pI=,3w//nHOPZgPR5ycRQHf8q03KIJc=
-4,-11,eiUSviAdm+CWiVJos5ZYKIxC7pI=,3w//nHOPZgPR5ycRQHf8q03KIJc=
-7,-15,eiUSviAdm+CWiVJos5ZYKIxC7pI=,3w//nHOPZgPR5ycRQHf8q03KIJc=
-1,-8,eXaKQ0m4eacS/1HnQXU/cWE/1i0=,3w//nHOPZgPR5ycRQHf8q03KIJc=
-8,-10,eiUSviAdm+CWiVJos5ZYKIxC7pI=,3w//nHOPZgPR5ycRQHf8q03KIJc=
-5,-14,eiUSviAdm+CWiVJos5ZYKIxC7pI=,3w//nHOPZgPR5ycRQHf8q03KIJc=
-16,-7,eXaKQ0m4eacS/1HnQXU/cWE/1i0=,3w//nHOPZgPR5ycRQHf8q03KIJc=
-15,-7,eXaKQ0m4eacS/1HnQXU/cWE/1i0=,3w//nHOPZgPR5ycRQHf8q03KIJc=
-10,-10,eiUSviAdm+CWiVJos5ZYKIxC7pI=,3w//nHOPZgPR5ycRQHf8q03KIJc=
-6,-15,eiUSviAdm+CWiVJos5ZYKIxC7pI=,3w//nHOPZgPR5ycRQHf8q03KIJc=
-6,-16,eiUSviAdm+CWiVJos5ZYKIxC7pI=,3w//nHOPZgPR5ycRQHf8q03KIJc=
-14,-7,eXaKQ0m4eacS/1HnQXU/cWE/1i0=,3w//nHOPZgPR5ycRQHf8q03KIJc=
-15,-14,P7O/+iwPouVl6NZIipZ77T9bbq8=,3w//nHOPZgPR5ycRQHf8q03KIJc=
-7,-10,eiUSviAdm+CWiVJos5ZYKIxC7pI=,3w//nHOPZgPR5ycRQHf8q03KIJc=
-9,-10,eiUSviAdm+CWiVJos5ZYKIxC7pI=,3w//nHOPZgPR5ycRQHf8q03KIJc=
-13,-10,eiUSviAdm+CWiVJos5ZYKIxC7pI=,3w//nHOPZgPR5ycRQHf8q03KIJc=
-15,-10,eiUSviAdm+CWiVJos5ZYKIxC7pI=,3w//nHOPZgPR5ycRQHf8q03KIJc=
-15,-9,eXaKQ0m4eacS/1HnQXU/cWE/1i0=,3w//nHOPZgPR5ycRQHf8q03KIJc=
-14,-8,eXaKQ0m4eacS/1HnQXU/cWE/1i0=,3w//nHOPZgPR5ycRQHf8q03KIJc=
-10,-8,eXaKQ0m4eacS/1HnQXU/cWE/1i0=,3w//nHOPZgPR5ycRQHf8q03KIJc=
-10,-9,eXaKQ0m4eacS/1HnQXU/cWE/1i0=,3w//nHOPZgPR5ycRQHf8q03KIJc=
-3,-10,eXaKQ0m4eacS/1HnQXU/cWE/1i0=,3w//nHOPZgPR5ycRQHf8q03KIJc=
-3,-9,eXaKQ0m4eacS/1HnQXU/cWE/1i0=,3w//nHOPZgPR5ycRQHf8q03KIJc=
-13,-9,eXaKQ0m4eacS/1HnQXU/cWE/1i0=,3w//nHOPZgPR5ycRQHf8q03KIJc=
-14,-9,eXaKQ0m4eacS/1HnQXU/cWE/1i0=,3w//nHOPZgPR5ycRQHf8q03KIJc=
-11,-10,eiUSviAdm+CWiVJos5ZYKIxC7pI=,3w//nHOPZgPR5ycRQHf8q03KIJc=
-12,-9,eXaKQ0m4eacS/1HnQXU/cWE/1i0=,3w//nHOPZgPR5ycRQHf8q03KIJc=
-2,-8,BmiPNN7S7RhEWg+CWeX1aQnSWWM=,3w//nHOPZgPR5ycRQHf8q03KIJc=
-1,-7,eXaKQ0m4eacS/1HnQXU/cWE/1i0=,3w//nHOPZgPR5ycRQHf8q03KIJc=
-5,-15,eXaKQ0m4eacS/1HnQXU/cWE/1i0=,3w//nHOPZgPR5ycRQHf8q03KIJc=
-16,-6,eXaKQ0m4eacS/1HnQXU/cWE/1i0=,3w//nHOPZgPR5ycRQHf8q03KIJc=
-4,-14,eXaKQ0m4eacS/1HnQXU/cWE/1i0=,3w//nHOPZgPR5ycRQHf8q03KIJc=
-15,-6,eXaKQ0m4eacS/1HnQXU/cWE/1i0=,3w//nHOPZgPR5ycRQHf8q03KIJc=
-5,-16,eXaKQ0m4eacS/1HnQXU/cWE/1i0=,3w//nHOPZgPR5ycRQHf8q03KIJc=
-7,-9,eXaKQ0m4eacS/1HnQXU/cWE/1i0=,3w//nHOPZgPR5ycRQHf8q03KIJc=
-14,-6,eXaKQ0m4eacS/1HnQXU/cWE/1i0=,3w//nHOPZgPR5ycRQHf8q03KIJc=
-7,-8,eXaKQ0m4eacS/1HnQXU/cWE/1i0=,3w//nHOPZgPR5ycRQHf8q03KIJc=
-12,-10,eiUSviAdm+CWiVJos5ZYKIxC7pI=,3w//nHOPZgPR5ycRQHf8q03KIJc=
-14,-10,eiUSviAdm+CWiVJos5ZYKIxC7pI=,3w//nHOPZgPR5ycRQHf8q03KIJc=
-4,-10,eXaKQ0m4eacS/1HnQXU/cWE/1i0=,3w//nHOPZgPR5ycRQHf8q03KIJc=
-11,-9,eXaKQ0m4eacS/1HnQXU/cWE/1i0=,3w//nHOPZgPR5ycRQHf8q03KIJc=
-5,-10,eXaKQ0m4eacS/1HnQXU/cWE/1i0=,3w//nHOPZgPR5ycRQHf8q03KIJc=
-6,-10,eiUSviAdm+CWiVJos5ZYKIxC7pI=,3w//nHOPZgPR5ycRQHf8q03KIJc=
-13,-8,eXaKQ0m4eacS/1HnQXU/cWE/1i0=,3w//nHOPZgPR5ycRQHf8q03KIJc=
-15,-5,eXaKQ0m4eacS/1HnQXU/cWE/1i0=,3w//nHOPZgPR5ycRQHf8q03KIJc=
-16,-5,eXaKQ0m4eacS/1HnQXU/cWE/1i0=,3w//nHOPZgPR5ycRQHf8q03KIJc=
-8,-8,eXaKQ0m4eacS/1HnQXU/cWE/1i0=,3w//nHOPZgPR5ycRQHf8q03KIJc=
-9,-8,eXaKQ0m4eacS/1HnQXU/cWE/1i0=,3w//nHOPZgPR5ycRQHf8q03KIJc=
-4,-15,eXaKQ0m4eacS/1HnQXU/cWE/1i0=,3w//nHOPZgPR5ycRQHf8q03KIJc=
-3,-14,eXaKQ0m4eacS/1HnQXU/cWE/1i0=,3w//nHOPZgPR5ycRQHf8q03KIJc=
-6,-6,eXaKQ0m4eacS/1HnQXU/cWE/1i0=,3w//nHOPZgPR5ycRQHf8q03KIJc=
-4,-16,eXaKQ0m4eacS/1HnQXU/cWE/1i0=,3w//nHOPZgPR5ycRQHf8q03KIJc=
-8,-9,eXaKQ0m4eacS/1HnQXU/cWE/1i0=,3w//nHOPZgPR5ycRQHf8q03KIJc=
-14,-5,eXaKQ0m4eacS/1HnQXU/cWE/1i0=,3w//nHOPZgPR5ycRQHf8q03KIJc=
-13,-7,eXaKQ0m4eacS/1HnQXU/cWE/1i0=,3w//nHOPZgPR5ycRQHf8q03KIJc=
-6,-9,eXaKQ0m4eacS/1HnQXU/cWE/1i0=,3w//nHOPZgPR5ycRQHf8q03KIJc=
-15,-15,P7O/+iwPouVl6NZIipZ77T9bbq8=,3w//nHOPZgPR5ycRQHf8q03KIJc=
-12,-8,eXaKQ0m4eacS/1HnQXU/cWE/1i0=,3w//nHOPZgPR5ycRQHf8q03KIJc=
-9,-6,eXaKQ0m4eacS/1HnQXU/cWE/1i0=,3w//nHOPZgPR5ycRQHf8q03KIJc=
-4,-7,eXaKQ0m4eacS/1HnQXU/cWE/1i0=,3w//nHOPZgPR5ycRQHf8q03KIJc=
-11,-8,eXaKQ0m4eacS/1HnQXU/cWE/1i0=,3w//nHOPZgPR5ycRQHf8q03KIJc=
-9,-7,eXaKQ0m4eacS/1HnQXU/cWE/1i0=,3w//nHOPZgPR5ycRQHf8q03KIJc=
-6,-7,eXaKQ0m4eacS/1HnQXU/cWE/1i0=,3w//nHOPZgPR5ycRQHf8q03KIJc=
-3,-7,eXaKQ0m4eacS/1HnQXU/cWE/1i0=,3w//nHOPZgPR5ycRQHf8q03KIJc=
-6,-8,eXaKQ0m4eacS/1HnQXU/cWE/1i0=,3w//nHOPZgPR5ycRQHf8q03KIJc=
-13,-6,eXaKQ0m4eacS/1HnQXU/cWE/1i0=,3w//nHOPZgPR5ycRQHf8q03KIJc=
-2,-7,eXaKQ0m4eacS/1HnQXU/cWE/1i0=,3w//nHOPZgPR5ycRQHf8q03KIJc=
-12,-7,eXaKQ0m4eacS/1HnQXU/cWE/1i0=,3w//nHOPZgPR5ycRQHf8q03KIJc=
-14,-2,P7O/+iwPouVl6NZIipZ77T9bbq8=,3w//nHOPZgPR5ycRQHf8q03KIJc=
-15,-2,P7O/+iwPouVl6NZIipZ77T9bbq8=,3w//nHOPZgPR5ycRQHf8q03KIJc=
-16,-2,P7O/+iwPouVl6NZIipZ77T9bbq8=,3w//nHOPZgPR5ycRQHf8q03KIJc=
-2,-3,P7O/+iwPouVl6NZIipZ77T9bbq8=,3w//nHOPZgPR5ycRQHf8q03KIJc=
-4,-3,P7O/+iwPouVl6NZIipZ77T9bbq8=,3w//nHOPZgPR5ycRQHf8q03KIJc=
-13,-2,P7O/+iwPouVl6NZIipZ77T9bbq8=,3w//nHOPZgPR5ycRQHf8q03KIJc=
-7,-2,P7O/+iwPouVl6NZIipZ77T9bbq8=,3w//nHOPZgPR5ycRQHf8q03KIJc=
-16,-15,P7O/+iwPouVl6NZIipZ77T9bbq8=,3w//nHOPZgPR5ycRQHf8q03KIJc=
-3,-3,P7O/+iwPouVl6NZIipZ77T9bbq8=,3w//nHOPZgPR5ycRQHf8q03KIJc=
-12,-2,P7O/+iwPouVl6NZIipZ77T9bbq8=,3w//nHOPZgPR5ycRQHf8q03KIJc=
-5,-3,P7O/+iwPouVl6NZIipZ77T9bbq8=,3w//nHOPZgPR5ycRQHf8q03KIJc=
-16,-14,P7O/+iwPouVl6NZIipZ77T9bbq8=,3w//nHOPZgPR5ycRQHf8q03KIJc=
-3,-4,P7O/+iwPouVl6NZIipZ77T9bbq8=,3w//nHOPZgPR5ycRQHf8q03KIJc=
-11,-3,P7O/+iwPouVl6NZIipZ77T9bbq8=,3w//nHOPZgPR5ycRQHf8q03KIJc=
-8,-3,P7O/+iwPouVl6NZIipZ77T9bbq8=,3w//nHOPZgPR5ycRQHf8q03KIJc=
-6,-3,P7O/+iwPouVl6NZIipZ77T9bbq8=,3w//nHOPZgPR5ycRQHf8q03KIJc=
-10,-3,P7O/+iwPouVl6NZIipZ77T9bbq8=,3w//nHOPZgPR5ycRQHf8q03KIJc=
-12,-3,P7O/+iwPouVl6NZIipZ77T9bbq8=,3w//nHOPZgPR5ycRQHf8q03KIJc=
-14,-3,P7O/+iwPouVl6NZIipZ77T9bbq8=,3w//nHOPZgPR5ycRQHf8q03KIJc=
-12,-4,P7O/+iwPouVl6NZIipZ77T9bbq8=,3w//nHOPZgPR5ycRQHf8q03KIJc=
-15,-3,P7O/+iwPouVl6NZIipZ77T9bbq8=,3w//nHOPZgPR5ycRQHf8q03KIJc=
-16,-3,P7O/+iwPouVl6NZIipZ77T9bbq8=,3w//nHOPZgPR5ycRQHf8q03KIJc=
-1,-16,eXaKQ0m4eacS/1HnQXU/cWE/1i0=,3w//nHOPZgPR5ycRQHf8q03KIJc=
-7,-3,P7O/+iwPouVl6NZIipZ77T9bbq8=,3w//nHOPZgPR5ycRQHf8q03KIJc=
-1,-15,eXaKQ0m4eacS/1HnQXU/cWE/1i0=,3w//nHOPZgPR5ycRQHf8q03KIJc=
-2,-16,eXaKQ0m4eacS/1HnQXU/cWE/1i0=,3w//nHOPZgPR5ycRQHf8q03KIJc=
-2,-15,eXaKQ0m4eacS/1HnQXU/cWE/1i0=,3w//nHOPZgPR5ycRQHf8q03KIJc=
-9,-3,P7O/+iwPouVl6NZIipZ77T9bbq8=,3w//nHOPZgPR5ycRQHf8q03KIJc=
-5,-4,P7O/+iwPouVl6NZIipZ77T9bbq8=,3w//nHOPZgPR5ycRQHf8q03KIJc=
-1,-5,BmiPNN7S7RhEWg+CWeX1aQnSWWM=,3w//nHOPZgPR5ycRQHf8q03KIJc=
-14,-16,BmiPNN7S7RhEWg+CWeX1aQnSWWM=,3w//nHOPZgPR5ycRQHf8q03KIJc=
-3,-5,BmiPNN7S7RhEWg+CWeX1aQnSWWM=,3w//nHOPZgPR5ycRQHf8q03KIJc=
-2,-5,BmiPNN7S7RhEWg+CWeX1aQnSWWM=,3w//nHOPZgPR5ycRQHf8q03KIJc=
-12,-5,P7O/+iwPouVl6NZIipZ77T9bbq8=,3w//nHOPZgPR5ycRQHf8q03KIJc=
-13,-3,P7O/+iwPouVl6NZIipZ77T9bbq8=,3w//nHOPZgPR5ycRQHf8q03KIJc=
-4,-4,P7O/+iwPouVl6NZIipZ77T9bbq8=,3w//nHOPZgPR5ycRQHf8q03KIJc=
-6,-4,P7O/+iwPouVl6NZIipZ77T9bbq8=,3w//nHOPZgPR5ycRQHf8q03KIJc=
-11,-4,P7O/+iwPouVl6NZIipZ77T9bbq8=,3w//nHOPZgPR5ycRQHf8q03KIJc=
-10,-4,P7O/+iwPouVl6NZIipZ77T9bbq8=,3w//nHOPZgPR5ycRQHf8q03KIJc=
-7,-4,P7O/+iwPouVl6NZIipZ77T9bbq8=,3w//nHOPZgPR5ycRQHf8q03KIJc=
-13,-4,P7O/+iwPouVl6NZIipZ77T9bbq8=,3w//nHOPZgPR5ycRQHf8q03KIJc=
-14,-4,eXaKQ0m4eacS/1HnQXU/cWE/1i0=,3w//nHOPZgPR5ycRQHf8q03KIJc=
-3,-16,eXaKQ0m4eacS/1HnQXU/cWE/1i0=,3w//nHOPZgPR5ycRQHf8q03KIJc=
-3,-15,eXaKQ0m4eacS/1HnQXU/cWE/1i0=,3w//nHOPZgPR5ycRQHf8q03KIJc=
-9,-4,P7O/+iwPouVl6NZIipZ77T9bbq8=,3w//nHOPZgPR5ycRQHf8q03KIJc=
-16,-4,eXaKQ0m4eacS/1HnQXU/cWE/1i0=,3w//nHOPZgPR5ycRQHf8q03KIJc=
-15,-4,eXaKQ0m4eacS/1HnQXU/cWE/1i0=,3w//nHOPZgPR5ycRQHf8q03KIJc=
-1,-14,eXaKQ0m4eacS/1HnQXU/cWE/1i0=,3w//nHOPZgPR5ycRQHf8q03KIJc=
-9,-9,eXaKQ0m4eacS/1HnQXU/cWE/1i0=,3w//nHOPZgPR5ycRQHf8q03KIJc=
-5,-9,eXaKQ0m4eacS/1HnQXU/cWE/1i0=,3w//nHOPZgPR5ycRQHf8q03KIJc=
-10,-7,eXaKQ0m4eacS/1HnQXU/cWE/1i0=,3w//nHOPZgPR5ycRQHf8q03KIJc=
-4,-9,eXaKQ0m4eacS/1HnQXU/cWE/1i0=,3w//nHOPZgPR5ycRQHf8q03KIJc=
-4,-8,eXaKQ0m4eacS/1HnQXU/cWE/1i0=,3w//nHOPZgPR5ycRQHf8q03KIJc=
-3,-8,BmiPNN7S7RhEWg+CWeX1aQnSWWM=,3w//nHOPZgPR5ycRQHf8q03KIJc=
-7,-7,eXaKQ0m4eacS/1HnQXU/cWE/1i0=,3w//nHOPZgPR5ycRQHf8q03KIJc=
-5,-8,P7O/+iwPouVl6NZIipZ77T9bbq8=,3w//nHOPZgPR5ycRQHf8q03KIJc=
-8,-7,eXaKQ0m4eacS/1HnQXU/cWE/1i0=,3w//nHOPZgPR5ycRQHf8q03KIJc=
-5,-7,eXaKQ0m4eacS/1HnQXU/cWE/1i0=,3w//nHOPZgPR5ycRQHf8q03KIJc=
-8,-6,eXaKQ0m4eacS/1HnQXU/cWE/1i0=,3w//nHOPZgPR5ycRQHf8q03KIJc=
-10,-6,eXaKQ0m4eacS/1HnQXU/cWE/1i0=,3w//nHOPZgPR5ycRQHf8q03KIJc=
-2,-14,eXaKQ0m4eacS/1HnQXU/cWE/1i0=,3w//nHOPZgPR5ycRQHf8q03KIJc=
-8,-4,P7O/+iwPouVl6NZIipZ77T9bbq8=,3w//nHOPZgPR5ycRQHf8q03KIJc=
-11,-5,P7O/+iwPouVl6NZIipZ77T9bbq8=,3w//nHOPZgPR5ycRQHf8q03KIJc=
-2,-6,eXaKQ0m4eacS/1HnQXU/cWE/1i0=,3w//nHOPZgPR5ycRQHf8q03KIJc=
-16,-13,eXaKQ0m4eacS/1HnQXU/cWE/1i0=,3w//nHOPZgPR5ycRQHf8q03KIJc=
-4,-5,P7O/+iwPouVl6NZIipZ77T9bbq8=,3w//nHOPZgPR5ycRQHf8q03KIJc=
-6,-5,P7O/+iwPouVl6NZIipZ77T9bbq8=,3w//nHOPZgPR5ycRQHf8q03KIJc=
-3,-6,eXaKQ0m4eacS/1HnQXU/cWE/1i0=,3w//nHOPZgPR5ycRQHf8q03KIJc=
-9,-5,eXaKQ0m4eacS/1HnQXU/cWE/1i0=,3w//nHOPZgPR5ycRQHf8q03KIJc=
-10,-5,eXaKQ0m4eacS/1HnQXU/cWE/1i0=,3w//nHOPZgPR5ycRQHf8q03KIJc=
-13,-5,eXaKQ0m4eacS/1HnQXU/cWE/1i0=,3w//nHOPZgPR5ycRQHf8q03KIJc=
-12,-6,eXaKQ0m4eacS/1HnQXU/cWE/1i0=,3w//nHOPZgPR5ycRQHf8q03KIJc=
-5,-5,P7O/+iwPouVl6NZIipZ77T9bbq8=,3w//nHOPZgPR5ycRQHf8q03KIJc=
-8,-5,P7O/+iwPouVl6NZIipZ77T9bbq8=,3w//nHOPZgPR5ycRQHf8q03KIJc=
-11,-6,eXaKQ0m4eacS/1HnQXU/cWE/1i0=,3w//nHOPZgPR5ycRQHf8q03KIJc=
-5,-6,eXaKQ0m4eacS/1HnQXU/cWE/1i0=,3w//nHOPZgPR5ycRQHf8q03KIJc=
-7,-6,eXaKQ0m4eacS/1HnQXU/cWE/1i0=,3w//nHOPZgPR5ycRQHf8q03KIJc=
-4,-6,eXaKQ0m4eacS/1HnQXU/cWE/1i0=,3w//nHOPZgPR5ycRQHf8q03KIJc=
-11,-7,eXaKQ0m4eacS/1HnQXU/cWE/1i0=,3w//nHOPZgPR5ycRQHf8q03KIJc=
-1,-6,eXaKQ0m4eacS/1HnQXU/cWE/1i0=,3w//nHOPZgPR5ycRQHf8q03KIJc=
-7,-5,P7O/+iwPouVl6NZIipZ77T9bbq8=,3w//nHOPZgPR5ycRQHf8q03KIJc=
-11,-32,BmiPNN7S7RhEWg+CWeX1aQnSWWM=,eSoLJaL44nh8tqn9iSU+cRtHKio=
-9,-29,BmiPNN7S7RhEWg+CWeX1aQnSWWM=,eSoLJaL44nh8tqn9iSU+cRtHKio=
-8,-29,BmiPNN7S7RhEWg+CWeX1aQnSWWM=,eSoLJaL44nh8tqn9iSU+cRtHKio=
-7,-29,BmiPNN7S7RhEWg+CWeX1aQnSWWM=,eSoLJaL44nh8tqn9iSU+cRtHKio=
-6,-29,BmiPNN7S7RhEWg+CWeX1aQnSWWM=,eSoLJaL44nh8tqn9iSU+cRtHKio=
-5,-29,BmiPNN7S7RhEWg+CWeX1aQnSWWM=,eSoLJaL44nh8tqn9iSU+cRtHKio=
-4,-29,BmiPNN7S7RhEWg+CWeX1aQnSWWM=,eSoLJaL44nh8tqn9iSU+cRtHKio=
-3,-29,BmiPNN7S7RhEWg+CWeX1aQnSWWM=,eSoLJaL44nh8tqn9iSU+cRtHKio=
-2,-29,BmiPNN7S7RhEWg+CWeX1aQnSWWM=,eSoLJaL44nh8tqn9iSU+cRtHKio=
-10,-31,BmiPNN7S7RhEWg+CWeX1aQnSWWM=,eSoLJaL44nh8tqn9iSU+cRtHKio=
-10,-32,BmiPNN7S7RhEWg+CWeX1aQnSWWM=,eSoLJaL44nh8tqn9iSU+cRtHKio=
-1,-29,BmiPNN7S7RhEWg+CWeX1aQnSWWM=,eSoLJaL44nh8tqn9iSU+cRtHKio=
-10,-29,BmiPNN7S7RhEWg+CWeX1aQnSWWM=,eSoLJaL44nh8tqn9iSU+cRtHKio=
-4,-17,BmiPNN7S7RhEWg+CWeX1aQnSWWM=,eSoLJaL44nh8tqn9iSU+cRtHKio=
-2,-17,BmiPNN7S7RhEWg+CWeX1aQnSWWM=,eSoLJaL44nh8tqn9iSU+cRtHKio=
-1,-17,BmiPNN7S7RhEWg+CWeX1aQnSWWM=,eSoLJaL44nh8tqn9iSU+cRtHKio=
-6,-17,BmiPNN7S7RhEWg+CWeX1aQnSWWM=,eSoLJaL44nh8tqn9iSU+cRtHKio=
-7,-17,BmiPNN7S7RhEWg+CWeX1aQnSWWM=,eSoLJaL44nh8tqn9iSU+cRtHKio=
-5,-17,BmiPNN7S7RhEWg+CWeX1aQnSWWM=,eSoLJaL44nh8tqn9iSU+cRtHKio=
-3,-17,BmiPNN7S7RhEWg+CWeX1aQnSWWM=,eSoLJaL44nh8tqn9iSU+cRtHKio=
-8,-17,BmiPNN7S7RhEWg+CWeX1aQnSWWM=,eSoLJaL44nh8tqn9iSU+cRtHKio=
-1,-18,14rqxGAwgUd1xL8TaEfycVgmLQg=,eSoLJaL44nh8tqn9iSU+cRtHKio=
-2,-18,14rqxGAwgUd1xL8TaEfycVgmLQg=,eSoLJaL44nh8tqn9iSU+cRtHKio=
-3,-18,14rqxGAwgUd1xL8TaEfycVgmLQg=,eSoLJaL44nh8tqn9iSU+cRtHKio=
-5,-18,14rqxGAwgUd1xL8TaEfycVgmLQg=,eSoLJaL44nh8tqn9iSU+cRtHKio=
-4,-18,14rqxGAwgUd1xL8TaEfycVgmLQg=,eSoLJaL44nh8tqn9iSU+cRtHKio=
-7,-18,14rqxGAwgUd1xL8TaEfycVgmLQg=,eSoLJaL44nh8tqn9iSU+cRtHKio=
-6,-18,14rqxGAwgUd1xL8TaEfycVgmLQg=,eSoLJaL44nh8tqn9iSU+cRtHKio=
-9,-17,BmiPNN7S7RhEWg+CWeX1aQnSWWM=,eSoLJaL44nh8tqn9iSU+cRtHKio=
-8,-18,14rqxGAwgUd1xL8TaEfycVgmLQg=,eSoLJaL44nh8tqn9iSU+cRtHKio=
-13,-32,BmiPNN7S7RhEWg+CWeX1aQnSWWM=,eSoLJaL44nh8tqn9iSU+cRtHKio=
-10,-30,14rqxGAwgUd1xL8TaEfycVgmLQg=,eSoLJaL44nh8tqn9iSU+cRtHKio=
-9,-18,14rqxGAwgUd1xL8TaEfycVgmLQg=,eSoLJaL44nh8tqn9iSU+cRtHKio=
-12,-31,BmiPNN7S7RhEWg+CWeX1aQnSWWM=,eSoLJaL44nh8tqn9iSU+cRtHKio=
-1,-19,14rqxGAwgUd1xL8TaEfycVgmLQg=,eSoLJaL44nh8tqn9iSU+cRtHKio=
-13,-29,7Fn4qMDdTYCr9Xrhm3Ku0vGVkFI=,eSoLJaL44nh8tqn9iSU+cRtHKio=
-2,-19,14rqxGAwgUd1xL8TaEfycVgmLQg=,eSoLJaL44nh8tqn9iSU+cRtHKio=
-11,-31,BmiPNN7S7RhEWg+CWeX1aQnSWWM=,eSoLJaL44nh8tqn9iSU+cRtHKio=
-4,-19,14rqxGAwgUd1xL8TaEfycVgmLQg=,eSoLJaL44nh8tqn9iSU+cRtHKio=
-3,-19,14rqxGAwgUd1xL8TaEfycVgmLQg=,eSoLJaL44nh8tqn9iSU+cRtHKio=
-11,-29,14rqxGAwgUd1xL8TaEfycVgmLQg=,eSoLJaL44nh8tqn9iSU+cRtHKio=
-6,-19,14rqxGAwgUd1xL8TaEfycVgmLQg=,eSoLJaL44nh8tqn9iSU+cRtHKio=
-5,-19,14rqxGAwgUd1xL8TaEfycVgmLQg=,eSoLJaL44nh8tqn9iSU+cRtHKio=
-7,-19,14rqxGAwgUd1xL8TaEfycVgmLQg=,eSoLJaL44nh8tqn9iSU+cRtHKio=
-12,-29,14rqxGAwgUd1xL8TaEfycVgmLQg=,eSoLJaL44nh8tqn9iSU+cRtHKio=
-12,-30,14rqxGAwgUd1xL8TaEfycVgmLQg=,eSoLJaL44nh8tqn9iSU+cRtHKio=
-9,-19,14rqxGAwgUd1xL8TaEfycVgmLQg=,eSoLJaL44nh8tqn9iSU+cRtHKio=
-8,-19,14rqxGAwgUd1xL8TaEfycVgmLQg=,eSoLJaL44nh8tqn9iSU+cRtHKio=
-11,-30,14rqxGAwgUd1xL8TaEfycVgmLQg=,eSoLJaL44nh8tqn9iSU+cRtHKio=
-16,-28,7Fn4qMDdTYCr9Xrhm3Ku0vGVkFI=,eSoLJaL44nh8tqn9iSU+cRtHKio=
-15,-32,BmiPNN7S7RhEWg+CWeX1aQnSWWM=,eSoLJaL44nh8tqn9iSU+cRtHKio=
-12,-32,BmiPNN7S7RhEWg+CWeX1aQnSWWM=,eSoLJaL44nh8tqn9iSU+cRtHKio=
-14,-18,14rqxGAwgUd1xL8TaEfycVgmLQg=,eSoLJaL44nh8tqn9iSU+cRtHKio=
-14,-19,14rqxGAwgUd1xL8TaEfycVgmLQg=,eSoLJaL44nh8tqn9iSU+cRtHKio=
-12,-17,BmiPNN7S7RhEWg+CWeX1aQnSWWM=,eSoLJaL44nh8tqn9iSU+cRtHKio=
-1,-20,14rqxGAwgUd1xL8TaEfycVgmLQg=,eSoLJaL44nh8tqn9iSU+cRtHKio=
-13,-17,BmiPNN7S7RhEWg+CWeX1aQnSWWM=,eSoLJaL44nh8tqn9iSU+cRtHKio=
-2,-20,14rqxGAwgUd1xL8TaEfycVgmLQg=,eSoLJaL44nh8tqn9iSU+cRtHKio=
-10,-17,BmiPNN7S7RhEWg+CWeX1aQnSWWM=,eSoLJaL44nh8tqn9iSU+cRtHKio=
-3,-20,14rqxGAwgUd1xL8TaEfycVgmLQg=,eSoLJaL44nh8tqn9iSU+cRtHKio=
-15,-29,BmiPNN7S7RhEWg+CWeX1aQnSWWM=,eSoLJaL44nh8tqn9iSU+cRtHKio=
-4,-20,14rqxGAwgUd1xL8TaEfycVgmLQg=,eSoLJaL44nh8tqn9iSU+cRtHKio=
-6,-20,14rqxGAwgUd1xL8TaEfycVgmLQg=,eSoLJaL44nh8tqn9iSU+cRtHKio=
-5,-20,14rqxGAwgUd1xL8TaEfycVgmLQg=,eSoLJaL44nh8tqn9iSU+cRtHKio=
-7,-20,14rqxGAwgUd1xL8TaEfycVgmLQg=,eSoLJaL44nh8tqn9iSU+cRtHKio=
-8,-20,14rqxGAwgUd1xL8TaEfycVgmLQg=,eSoLJaL44nh8tqn9iSU+cRtHKio=
-10,-18,14rqxGAwgUd1xL8TaEfycVgmLQg=,eSoLJaL44nh8tqn9iSU+cRtHKio=
-9,-20,14rqxGAwgUd1xL8TaEfycVgmLQg=,eSoLJaL44nh8tqn9iSU+cRtHKio=
-13,-31,14rqxGAwgUd1xL8TaEfycVgmLQg=,eSoLJaL44nh8tqn9iSU+cRtHKio=
-14,-29,14rqxGAwgUd1xL8TaEfycVgmLQg=,eSoLJaL44nh8tqn9iSU+cRtHKio=
-11,-17,BmiPNN7S7RhEWg+CWeX1aQnSWWM=,eSoLJaL44nh8tqn9iSU+cRtHKio=
-15,-17,BmiPNN7S7RhEWg+CWeX1aQnSWWM=,eSoLJaL44nh8tqn9iSU+cRtHKio=
-15,-18,14rqxGAwgUd1xL8TaEfycVgmLQg=,eSoLJaL44nh8tqn9iSU+cRtHKio=
-14,-17,14rqxGAwgUd1xL8TaEfycVgmLQg=,eSoLJaL44nh8tqn9iSU+cRtHKio=
-16,-32,7Fn4qMDdTYCr9Xrhm3Ku0vGVkFI=,eSoLJaL44nh8tqn9iSU+cRtHKio=
-11,-18,14rqxGAwgUd1xL8TaEfycVgmLQg=,eSoLJaL44nh8tqn9iSU+cRtHKio=
-16,-17,7Fn4qMDdTYCr9Xrhm3Ku0vGVkFI=,eSoLJaL44nh8tqn9iSU+cRtHKio=
-13,-18,14rqxGAwgUd1xL8TaEfycVgmLQg=,eSoLJaL44nh8tqn9iSU+cRtHKio=
-16,-18,14rqxGAwgUd1xL8TaEfycVgmLQg=,eSoLJaL44nh8tqn9iSU+cRtHKio=
-10,-19,14rqxGAwgUd1xL8TaEfycVgmLQg=,eSoLJaL44nh8tqn9iSU+cRtHKio=
-11,-19,14rqxGAwgUd1xL8TaEfycVgmLQg=,eSoLJaL44nh8tqn9iSU+cRtHKio=
-13,-30,14rqxGAwgUd1xL8TaEfycVgmLQg=,eSoLJaL44nh8tqn9iSU+cRtHKio=
-16,-19,14rqxGAwgUd1xL8TaEfycVgmLQg=,eSoLJaL44nh8tqn9iSU+cRtHKio=
-15,-28,7Fn4qMDdTYCr9Xrhm3Ku0vGVkFI=,eSoLJaL44nh8tqn9iSU+cRtHKio=
-15,-19,14rqxGAwgUd1xL8TaEfycVgmLQg=,eSoLJaL44nh8tqn9iSU+cRtHKio=
-9,-30,BmiPNN7S7RhEWg+CWeX1aQnSWWM=,eSoLJaL44nh8tqn9iSU+cRtHKio=
-14,-30,14rqxGAwgUd1xL8TaEfycVgmLQg=,eSoLJaL44nh8tqn9iSU+cRtHKio=
-13,-19,14rqxGAwgUd1xL8TaEfycVgmLQg=,eSoLJaL44nh8tqn9iSU+cRtHKio=
-1,-32,7Fn4qMDdTYCr9Xrhm3Ku0vGVkFI=,eSoLJaL44nh8tqn9iSU+cRtHKio=
-12,-19,14rqxGAwgUd1xL8TaEfycVgmLQg=,eSoLJaL44nh8tqn9iSU+cRtHKio=
-12,-18,14rqxGAwgUd1xL8TaEfycVgmLQg=,eSoLJaL44nh8tqn9iSU+cRtHKio=
-1,-31,7Fn4qMDdTYCr9Xrhm3Ku0vGVkFI=,eSoLJaL44nh8tqn9iSU+cRtHKio=
-1,-21,7Fn4qMDdTYCr9Xrhm3Ku0vGVkFI=,eSoLJaL44nh8tqn9iSU+cRtHKio=
-16,-29,7Fn4qMDdTYCr9Xrhm3Ku0vGVkFI=,eSoLJaL44nh8tqn9iSU+cRtHKio=
-2,-21,7Fn4qMDdTYCr9Xrhm3Ku0vGVkFI=,eSoLJaL44nh8tqn9iSU+cRtHKio=
-3,-21,7Fn4qMDdTYCr9Xrhm3Ku0vGVkFI=,eSoLJaL44nh8tqn9iSU+cRtHKio=
-16,-31,14rqxGAwgUd1xL8TaEfycVgmLQg=,eSoLJaL44nh8tqn9iSU+cRtHKio=
-4,-21,7Fn4qMDdTYCr9Xrhm3Ku0vGVkFI=,eSoLJaL44nh8tqn9iSU+cRtHKio=
-5,-21,7Fn4qMDdTYCr9Xrhm3Ku0vGVkFI=,eSoLJaL44nh8tqn9iSU+cRtHKio=
-6,-21,7Fn4qMDdTYCr9Xrhm3Ku0vGVkFI=,eSoLJaL44nh8tqn9iSU+cRtHKio=
-14,-31,14rqxGAwgUd1xL8TaEfycVgmLQg=,eSoLJaL44nh8tqn9iSU+cRtHKio=
-7,-21,7Fn4qMDdTYCr9Xrhm3Ku0vGVkFI=,eSoLJaL44nh8tqn9iSU+cRtHKio=
-8,-21,7Fn4qMDdTYCr9Xrhm3Ku0vGVkFI=,eSoLJaL44nh8tqn9iSU+cRtHKio=
-15,-30,14rqxGAwgUd1xL8TaEfycVgmLQg=,eSoLJaL44nh8tqn9iSU+cRtHKio=
-1,-30,7Fn4qMDdTYCr9Xrhm3Ku0vGVkFI=,eSoLJaL44nh8tqn9iSU+cRtHKio=
-16,-30,7Fn4qMDdTYCr9Xrhm3Ku0vGVkFI=,eSoLJaL44nh8tqn9iSU+cRtHKio=
-14,-28,7Fn4qMDdTYCr9Xrhm3Ku0vGVkFI=,eSoLJaL44nh8tqn9iSU+cRtHKio=
-14,-20,14rqxGAwgUd1xL8TaEfycVgmLQg=,eSoLJaL44nh8tqn9iSU+cRtHKio=
-11,-20,14rqxGAwgUd1xL8TaEfycVgmLQg=,eSoLJaL44nh8tqn9iSU+cRtHKio=
-2,-30,7Fn4qMDdTYCr9Xrhm3Ku0vGVkFI=,eSoLJaL44nh8tqn9iSU+cRtHKio=
-3,-32,7Fn4qMDdTYCr9Xrhm3Ku0vGVkFI=,eSoLJaL44nh8tqn9iSU+cRtHKio=
-2,-31,7Fn4qMDdTYCr9Xrhm3Ku0vGVkFI=,eSoLJaL44nh8tqn9iSU+cRtHKio=
-1,-22,7Fn4qMDdTYCr9Xrhm3Ku0vGVkFI=,eSoLJaL44nh8tqn9iSU+cRtHKio=
-3,-22,7Fn4qMDdTYCr9Xrhm3Ku0vGVkFI=,eSoLJaL44nh8tqn9iSU+cRtHKio=
-4,-22,7Fn4qMDdTYCr9Xrhm3Ku0vGVkFI=,eSoLJaL44nh8tqn9iSU+cRtHKio=
-3,-31,7Fn4qMDdTYCr9Xrhm3Ku0vGVkFI=,eSoLJaL44nh8tqn9iSU+cRtHKio=
-5,-22,7Fn4qMDdTYCr9Xrhm3Ku0vGVkFI=,eSoLJaL44nh8tqn9iSU+cRtHKio=
-7,-22,7Fn4qMDdTYCr9Xrhm3Ku0vGVkFI=,eSoLJaL44nh8tqn9iSU+cRtHKio=
-6,-22,7Fn4qMDdTYCr9Xrhm3Ku0vGVkFI=,eSoLJaL44nh8tqn9iSU+cRtHKio=
-8,-22,7Fn4qMDdTYCr9Xrhm3Ku0vGVkFI=,eSoLJaL44nh8tqn9iSU+cRtHKio=
-2,-32,7Fn4qMDdTYCr9Xrhm3Ku0vGVkFI=,eSoLJaL44nh8tqn9iSU+cRtHKio=
-2,-22,7Fn4qMDdTYCr9Xrhm3Ku0vGVkFI=,eSoLJaL44nh8tqn9iSU+cRtHKio=
-3,-30,7Fn4qMDdTYCr9Xrhm3Ku0vGVkFI=,eSoLJaL44nh8tqn9iSU+cRtHKio=
-13,-20,14rqxGAwgUd1xL8TaEfycVgmLQg=,eSoLJaL44nh8tqn9iSU+cRtHKio=
-1,-23,7Fn4qMDdTYCr9Xrhm3Ku0vGVkFI=,eSoLJaL44nh8tqn9iSU+cRtHKio=
-14,-32,14rqxGAwgUd1xL8TaEfycVgmLQg=,eSoLJaL44nh8tqn9iSU+cRtHKio=
-4,-32,7Fn4qMDdTYCr9Xrhm3Ku0vGVkFI=,eSoLJaL44nh8tqn9iSU+cRtHKio=
-4,-31,7Fn4qMDdTYCr9Xrhm3Ku0vGVkFI=,eSoLJaL44nh8tqn9iSU+cRtHKio=
-15,-20,14rqxGAwgUd1xL8TaEfycVgmLQg=,eSoLJaL44nh8tqn9iSU+cRtHKio=
-15,-31,14rqxGAwgUd1xL8TaEfycVgmLQg=,eSoLJaL44nh8tqn9iSU+cRtHKio=
-10,-20,14rqxGAwgUd1xL8TaEfycVgmLQg=,eSoLJaL44nh8tqn9iSU+cRtHKio=
-16,-20,14rqxGAwgUd1xL8TaEfycVgmLQg=,eSoLJaL44nh8tqn9iSU+cRtHKio=
-9,-21,14rqxGAwgUd1xL8TaEfycVgmLQg=,eSoLJaL44nh8tqn9iSU+cRtHKio=
-2,-23,7Fn4qMDdTYCr9Xrhm3Ku0vGVkFI=,eSoLJaL44nh8tqn9iSU+cRtHKio=
-8,-23,7Fn4qMDdTYCr9Xrhm3Ku0vGVkFI=,eSoLJaL44nh8tqn9iSU+cRtHKio=
-6,-23,7Fn4qMDdTYCr9Xrhm3Ku0vGVkFI=,eSoLJaL44nh8tqn9iSU+cRtHKio=
-4,-23,7Fn4qMDdTYCr9Xrhm3Ku0vGVkFI=,eSoLJaL44nh8tqn9iSU+cRtHKio=
-7,-23,7Fn4qMDdTYCr9Xrhm3Ku0vGVkFI=,eSoLJaL44nh8tqn9iSU+cRtHKio=
-5,-23,7Fn4qMDdTYCr9Xrhm3Ku0vGVkFI=,eSoLJaL44nh8tqn9iSU+cRtHKio=
-4,-30,7Fn4qMDdTYCr9Xrhm3Ku0vGVkFI=,eSoLJaL44nh8tqn9iSU+cRtHKio=
-13,-28,7Fn4qMDdTYCr9Xrhm3Ku0vGVkFI=,eSoLJaL44nh8tqn9iSU+cRtHKio=
-16,-22,7Fn4qMDdTYCr9Xrhm3Ku0vGVkFI=,eSoLJaL44nh8tqn9iSU+cRtHKio=
-10,-22,7Fn4qMDdTYCr9Xrhm3Ku0vGVkFI=,eSoLJaL44nh8tqn9iSU+cRtHKio=
-3,-23,7Fn4qMDdTYCr9Xrhm3Ku0vGVkFI=,eSoLJaL44nh8tqn9iSU+cRtHKio=
-14,-21,7Fn4qMDdTYCr9Xrhm3Ku0vGVkFI=,eSoLJaL44nh8tqn9iSU+cRtHKio=
-11,-22,7Fn4qMDdTYCr9Xrhm3Ku0vGVkFI=,eSoLJaL44nh8tqn9iSU+cRtHKio=
-9,-22,7Fn4qMDdTYCr9Xrhm3Ku0vGVkFI=,eSoLJaL44nh8tqn9iSU+cRtHKio=
-12,-20,14rqxGAwgUd1xL8TaEfycVgmLQg=,eSoLJaL44nh8tqn9iSU+cRtHKio=
-15,-22,7Fn4qMDdTYCr9Xrhm3Ku0vGVkFI=,eSoLJaL44nh8tqn9iSU+cRtHKio=
-16,-21,7Fn4qMDdTYCr9Xrhm3Ku0vGVkFI=,eSoLJaL44nh8tqn9iSU+cRtHKio=
-12,-21,14rqxGAwgUd1xL8TaEfycVgmLQg=,eSoLJaL44nh8tqn9iSU+cRtHKio=
-13,-22,7Fn4qMDdTYCr9Xrhm3Ku0vGVkFI=,eSoLJaL44nh8tqn9iSU+cRtHKio=
-5,-32,7Fn4qMDdTYCr9Xrhm3Ku0vGVkFI=,eSoLJaL44nh8tqn9iSU+cRtHKio=
-13,-21,7Fn4qMDdTYCr9Xrhm3Ku0vGVkFI=,eSoLJaL44nh8tqn9iSU+cRtHKio=
-1,-24,7Fn4qMDdTYCr9Xrhm3Ku0vGVkFI=,eSoLJaL44nh8tqn9iSU+cRtHKio=
-11,-21,14rqxGAwgUd1xL8TaEfycVgmLQg=,eSoLJaL44nh8tqn9iSU+cRtHKio=
-10,-21,14rqxGAwgUd1xL8TaEfycVgmLQg=,eSoLJaL44nh8tqn9iSU+cRtHKio=
-15,-21,7Fn4qMDdTYCr9Xrhm3Ku0vGVkFI=,eSoLJaL44nh8tqn9iSU+cRtHKio=
-5,-31,7Fn4qMDdTYCr9Xrhm3Ku0vGVkFI=,eSoLJaL44nh8tqn9iSU+cRtHKio=
-2,-24,7Fn4qMDdTYCr9Xrhm3Ku0vGVkFI=,eSoLJaL44nh8tqn9iSU+cRtHKio=
-3,-24,7Fn4qMDdTYCr9Xrhm3Ku0vGVkFI=,eSoLJaL44nh8tqn9iSU+cRtHKio=
-4,-24,7Fn4qMDdTYCr9Xrhm3Ku0vGVkFI=,eSoLJaL44nh8tqn9iSU+cRtHKio=
-5,-24,7Fn4qMDdTYCr9Xrhm3Ku0vGVkFI=,eSoLJaL44nh8tqn9iSU+cRtHKio=
-6,-24,7Fn4qMDdTYCr9Xrhm3Ku0vGVkFI=,eSoLJaL44nh8tqn9iSU+cRtHKio=
-7,-24,7Fn4qMDdTYCr9Xrhm3Ku0vGVkFI=,eSoLJaL44nh8tqn9iSU+cRtHKio=
-12,-22,7Fn4qMDdTYCr9Xrhm3Ku0vGVkFI=,eSoLJaL44nh8tqn9iSU+cRtHKio=
-8,-24,7Fn4qMDdTYCr9Xrhm3Ku0vGVkFI=,eSoLJaL44nh8tqn9iSU+cRtHKio=
-14,-22,7Fn4qMDdTYCr9Xrhm3Ku0vGVkFI=,eSoLJaL44nh8tqn9iSU+cRtHKio=
-12,-23,14rqxGAwgUd1xL8TaEfycVgmLQg=,eSoLJaL44nh8tqn9iSU+cRtHKio=
-9,-24,7Fn4qMDdTYCr9Xrhm3Ku0vGVkFI=,eSoLJaL44nh8tqn9iSU+cRtHKio=
-10,-23,14rqxGAwgUd1xL8TaEfycVgmLQg=,eSoLJaL44nh8tqn9iSU+cRtHKio=
-15,-23,7Fn4qMDdTYCr9Xrhm3Ku0vGVkFI=,eSoLJaL44nh8tqn9iSU+cRtHKio=
-11,-23,14rqxGAwgUd1xL8TaEfycVgmLQg=,eSoLJaL44nh8tqn9iSU+cRtHKio=
-5,-30,7Fn4qMDdTYCr9Xrhm3Ku0vGVkFI=,eSoLJaL44nh8tqn9iSU+cRtHKio=
-14,-23,14rqxGAwgUd1xL8TaEfycVgmLQg=,eSoLJaL44nh8tqn9iSU+cRtHKio=
-13,-23,14rqxGAwgUd1xL8TaEfycVgmLQg=,eSoLJaL44nh8tqn9iSU+cRtHKio=
-1,-25,7Fn4qMDdTYCr9Xrhm3Ku0vGVkFI=,eSoLJaL44nh8tqn9iSU+cRtHKio=
-6,-32,7Fn4qMDdTYCr9Xrhm3Ku0vGVkFI=,eSoLJaL44nh8tqn9iSU+cRtHKio=
-6,-31,7Fn4qMDdTYCr9Xrhm3Ku0vGVkFI=,eSoLJaL44nh8tqn9iSU+cRtHKio=
-2,-25,7Fn4qMDdTYCr9Xrhm3Ku0vGVkFI=,eSoLJaL44nh8tqn9iSU+cRtHKio=
-4,-25,7Fn4qMDdTYCr9Xrhm3Ku0vGVkFI=,eSoLJaL44nh8tqn9iSU+cRtHKio=
-3,-25,7Fn4qMDdTYCr9Xrhm3Ku0vGVkFI=,eSoLJaL44nh8tqn9iSU+cRtHKio=
-7,-25,7Fn4qMDdTYCr9Xrhm3Ku0vGVkFI=,eSoLJaL44nh8tqn9iSU+cRtHKio=
-12,-28,7Fn4qMDdTYCr9Xrhm3Ku0vGVkFI=,eSoLJaL44nh8tqn9iSU+cRtHKio=
-16,-23,7Fn4qMDdTYCr9Xrhm3Ku0vGVkFI=,eSoLJaL44nh8tqn9iSU+cRtHKio=
-11,-24,7Fn4qMDdTYCr9Xrhm3Ku0vGVkFI=,eSoLJaL44nh8tqn9iSU+cRtHKio=
-6,-25,7Fn4qMDdTYCr9Xrhm3Ku0vGVkFI=,eSoLJaL44nh8tqn9iSU+cRtHKio=
-9,-23,14rqxGAwgUd1xL8TaEfycVgmLQg=,eSoLJaL44nh8tqn9iSU+cRtHKio=
-8,-25,7Fn4qMDdTYCr9Xrhm3Ku0vGVkFI=,eSoLJaL44nh8tqn9iSU+cRtHKio=
-5,-25,7Fn4qMDdTYCr9Xrhm3Ku0vGVkFI=,eSoLJaL44nh8tqn9iSU+cRtHKio=
-10,-24,7Fn4qMDdTYCr9Xrhm3Ku0vGVkFI=,eSoLJaL44nh8tqn9iSU+cRtHKio=
-12,-24,7Fn4qMDdTYCr9Xrhm3Ku0vGVkFI=,eSoLJaL44nh8tqn9iSU+cRtHKio=
-16,-24,7Fn4qMDdTYCr9Xrhm3Ku0vGVkFI=,eSoLJaL44nh8tqn9iSU+cRtHKio=
-6,-30,7Fn4qMDdTYCr9Xrhm3Ku0vGVkFI=,eSoLJaL44nh8tqn9iSU+cRtHKio=
-7,-31,7Fn4qMDdTYCr9Xrhm3Ku0vGVkFI=,eSoLJaL44nh8tqn9iSU+cRtHKio=
-1,-26,7Fn4qMDdTYCr9Xrhm3Ku0vGVkFI=,eSoLJaL44nh8tqn9iSU+cRtHKio=
-2,-26,7Fn4qMDdTYCr9Xrhm3Ku0vGVkFI=,eSoLJaL44nh8tqn9iSU+cRtHKio=
-3,-26,7Fn4qMDdTYCr9Xrhm3Ku0vGVkFI=,eSoLJaL44nh8tqn9iSU+cRtHKio=
-4,-26,7Fn4qMDdTYCr9Xrhm3Ku0vGVkFI=,eSoLJaL44nh8tqn9iSU+cRtHKio=
-5,-26,7Fn4qMDdTYCr9Xrhm3Ku0vGVkFI=,eSoLJaL44nh8tqn9iSU+cRtHKio=
-6,-26,7Fn4qMDdTYCr9Xrhm3Ku0vGVkFI=,eSoLJaL44nh8tqn9iSU+cRtHKio=
-7,-26,7Fn4qMDdTYCr9Xrhm3Ku0vGVkFI=,eSoLJaL44nh8tqn9iSU+cRtHKio=
-7,-32,7Fn4qMDdTYCr9Xrhm3Ku0vGVkFI=,eSoLJaL44nh8tqn9iSU+cRtHKio=
-8,-26,7Fn4qMDdTYCr9Xrhm3Ku0vGVkFI=,eSoLJaL44nh8tqn9iSU+cRtHKio=
-9,-26,7Fn4qMDdTYCr9Xrhm3Ku0vGVkFI=,eSoLJaL44nh8tqn9iSU+cRtHKio=
-1,-27,7Fn4qMDdTYCr9Xrhm3Ku0vGVkFI=,eSoLJaL44nh8tqn9iSU+cRtHKio=
-7,-30,7Fn4qMDdTYCr9Xrhm3Ku0vGVkFI=,eSoLJaL44nh8tqn9iSU+cRtHKio=
-13,-24,7Fn4qMDdTYCr9Xrhm3Ku0vGVkFI=,eSoLJaL44nh8tqn9iSU+cRtHKio=
-3,-27,7Fn4qMDdTYCr9Xrhm3Ku0vGVkFI=,eSoLJaL44nh8tqn9iSU+cRtHKio=
-2,-27,7Fn4qMDdTYCr9Xrhm3Ku0vGVkFI=,eSoLJaL44nh8tqn9iSU+cRtHKio=
-11,-28,7Fn4qMDdTYCr9Xrhm3Ku0vGVkFI=,eSoLJaL44nh8tqn9iSU+cRtHKio=
-9,-25,7Fn4qMDdTYCr9Xrhm3Ku0vGVkFI=,eSoLJaL44nh8tqn9iSU+cRtHKio=
-4,-27,7Fn4qMDdTYCr9Xrhm3Ku0vGVkFI=,eSoLJaL44nh8tqn9iSU+cRtHKio=
-8,-31,7Fn4qMDdTYCr9Xrhm3Ku0vGVkFI=,eSoLJaL44nh8tqn9iSU+cRtHKio=
-8,-32,7Fn4qMDdTYCr9Xrhm3Ku0vGVkFI=,eSoLJaL44nh8tqn9iSU+cRtHKio=
-14,-25,7Fn4qMDdTYCr9Xrhm3Ku0vGVkFI=,eSoLJaL44nh8tqn9iSU+cRtHKio=
-6,-27,7Fn4qMDdTYCr9Xrhm3Ku0vGVkFI=,eSoLJaL44nh8tqn9iSU+cRtHKio=
-5,-27,7Fn4qMDdTYCr9Xrhm3Ku0vGVkFI=,eSoLJaL44nh8tqn9iSU+cRtHKio=
-8,-27,7Fn4qMDdTYCr9Xrhm3Ku0vGVkFI=,eSoLJaL44nh8tqn9iSU+cRtHKio=
-7,-27,7Fn4qMDdTYCr9Xrhm3Ku0vGVkFI=,eSoLJaL44nh8tqn9iSU+cRtHKio=
-9,-27,7Fn4qMDdTYCr9Xrhm3Ku0vGVkFI=,eSoLJaL44nh8tqn9iSU+cRtHKio=
-8,-30,7Fn4qMDdTYCr9Xrhm3Ku0vGVkFI=,eSoLJaL44nh8tqn9iSU+cRtHKio=
-14,-24,7Fn4qMDdTYCr9Xrhm3Ku0vGVkFI=,eSoLJaL44nh8tqn9iSU+cRtHKio=
-10,-25,7Fn4qMDdTYCr9Xrhm3Ku0vGVkFI=,eSoLJaL44nh8tqn9iSU+cRtHKio=
-9,-32,7Fn4qMDdTYCr9Xrhm3Ku0vGVkFI=,eSoLJaL44nh8tqn9iSU+cRtHKio=
-1,-28,BmiPNN7S7RhEWg+CWeX1aQnSWWM=,eSoLJaL44nh8tqn9iSU+cRtHKio=
-9,-31,7Fn4qMDdTYCr9Xrhm3Ku0vGVkFI=,eSoLJaL44nh8tqn9iSU+cRtHKio=
-3,-28,BmiPNN7S7RhEWg+CWeX1aQnSWWM=,eSoLJaL44nh8tqn9iSU+cRtHKio=
-6,-28,BmiPNN7S7RhEWg+CWeX1aQnSWWM=,eSoLJaL44nh8tqn9iSU+cRtHKio=
-2,-28,BmiPNN7S7RhEWg+CWeX1aQnSWWM=,eSoLJaL44nh8tqn9iSU+cRtHKio=
-4,-28,BmiPNN7S7RhEWg+CWeX1aQnSWWM=,eSoLJaL44nh8tqn9iSU+cRtHKio=
-7,-28,BmiPNN7S7RhEWg+CWeX1aQnSWWM=,eSoLJaL44nh8tqn9iSU+cRtHKio=
-8,-28,BmiPNN7S7RhEWg+CWeX1aQnSWWM=,eSoLJaL44nh8tqn9iSU+cRtHKio=
-9,-28,BmiPNN7S7RhEWg+CWeX1aQnSWWM=,eSoLJaL44nh8tqn9iSU+cRtHKio=
-11,-25,7Fn4qMDdTYCr9Xrhm3Ku0vGVkFI=,eSoLJaL44nh8tqn9iSU+cRtHKio=
-15,-24,7Fn4qMDdTYCr9Xrhm3Ku0vGVkFI=,eSoLJaL44nh8tqn9iSU+cRtHKio=
-12,-25,7Fn4qMDdTYCr9Xrhm3Ku0vGVkFI=,eSoLJaL44nh8tqn9iSU+cRtHKio=
-13,-25,7Fn4qMDdTYCr9Xrhm3Ku0vGVkFI=,eSoLJaL44nh8tqn9iSU+cRtHKio=
-5,-28,BmiPNN7S7RhEWg+CWeX1aQnSWWM=,eSoLJaL44nh8tqn9iSU+cRtHKio=
-10,-26,7Fn4qMDdTYCr9Xrhm3Ku0vGVkFI=,eSoLJaL44nh8tqn9iSU+cRtHKio=
-15,-26,7Fn4qMDdTYCr9Xrhm3Ku0vGVkFI=,eSoLJaL44nh8tqn9iSU+cRtHKio=
-16,-25,7Fn4qMDdTYCr9Xrhm3Ku0vGVkFI=,eSoLJaL44nh8tqn9iSU+cRtHKio=
-14,-26,7Fn4qMDdTYCr9Xrhm3Ku0vGVkFI=,eSoLJaL44nh8tqn9iSU+cRtHKio=
-16,-26,7Fn4qMDdTYCr9Xrhm3Ku0vGVkFI=,eSoLJaL44nh8tqn9iSU+cRtHKio=
-15,-25,7Fn4qMDdTYCr9Xrhm3Ku0vGVkFI=,eSoLJaL44nh8tqn9iSU+cRtHKio=
-12,-26,7Fn4qMDdTYCr9Xrhm3Ku0vGVkFI=,eSoLJaL44nh8tqn9iSU+cRtHKio=
-11,-26,7Fn4qMDdTYCr9Xrhm3Ku0vGVkFI=,eSoLJaL44nh8tqn9iSU+cRtHKio=
-13,-27,7Fn4qMDdTYCr9Xrhm3Ku0vGVkFI=,eSoLJaL44nh8tqn9iSU+cRtHKio=
-15,-27,7Fn4qMDdTYCr9Xrhm3Ku0vGVkFI=,eSoLJaL44nh8tqn9iSU+cRtHKio=
-11,-27,7Fn4qMDdTYCr9Xrhm3Ku0vGVkFI=,eSoLJaL44nh8tqn9iSU+cRtHKio=
-13,-26,7Fn4qMDdTYCr9Xrhm3Ku0vGVkFI=,eSoLJaL44nh8tqn9iSU+cRtHKio=
-12,-27,7Fn4qMDdTYCr9Xrhm3Ku0vGVkFI=,eSoLJaL44nh8tqn9iSU+cRtHKio=
-14,-27,7Fn4qMDdTYCr9Xrhm3Ku0vGVkFI=,eSoLJaL44nh8tqn9iSU+cRtHKio=
-10,-28,7Fn4qMDdTYCr9Xrhm3Ku0vGVkFI=,eSoLJaL44nh8tqn9iSU+cRtHKio=
-10,-27,7Fn4qMDdTYCr9Xrhm3Ku0vGVkFI=,eSoLJaL44nh8tqn9iSU+cRtHKio=
-16,-27,7Fn4qMDdTYCr9Xrhm3Ku0vGVkFI=,eSoLJaL44nh8tqn9iSU+cRtHKio=
-20,-17,4nO2ShrGTtLQyJ6BIeGvXwhu6eM=,eSoLJaL44nh8tqn9iSU+cRtHKio=
-18,-17,4nO2ShrGTtLQyJ6BIeGvXwhu6eM=,eSoLJaL44nh8tqn9iSU+cRtHKio=
-19,-17,4nO2ShrGTtLQyJ6BIeGvXwhu6eM=,eSoLJaL44nh8tqn9iSU+cRtHKio=
-21,-17,4nO2ShrGTtLQyJ6BIeGvXwhu6eM=,eSoLJaL44nh8tqn9iSU+cRtHKio=
-22,-17,4nO2ShrGTtLQyJ6BIeGvXwhu6eM=,eSoLJaL44nh8tqn9iSU+cRtHKio=
-18,-18,4nO2ShrGTtLQyJ6BIeGvXwhu6eM=,eSoLJaL44nh8tqn9iSU+cRtHKio=
-27,-17,4nO2ShrGTtLQyJ6BIeGvXwhu6eM=,eSoLJaL44nh8tqn9iSU+cRtHKio=
-23,-17,4nO2ShrGTtLQyJ6BIeGvXwhu6eM=,eSoLJaL44nh8tqn9iSU+cRtHKio=
-19,-18,4nO2ShrGTtLQyJ6BIeGvXwhu6eM=,eSoLJaL44nh8tqn9iSU+cRtHKio=
-28,-17,4nO2ShrGTtLQyJ6BIeGvXwhu6eM=,eSoLJaL44nh8tqn9iSU+cRtHKio=
-20,-18,4nO2ShrGTtLQyJ6BIeGvXwhu6eM=,eSoLJaL44nh8tqn9iSU+cRtHKio=
-25,-17,4nO2ShrGTtLQyJ6BIeGvXwhu6eM=,eSoLJaL44nh8tqn9iSU+cRtHKio=
-21,-18,4nO2ShrGTtLQyJ6BIeGvXwhu6eM=,eSoLJaL44nh8tqn9iSU+cRtHKio=
-22,-18,4nO2ShrGTtLQyJ6BIeGvXwhu6eM=,eSoLJaL44nh8tqn9iSU+cRtHKio=
-23,-18,4nO2ShrGTtLQyJ6BIeGvXwhu6eM=,eSoLJaL44nh8tqn9iSU+cRtHKio=
-28,-18,4nO2ShrGTtLQyJ6BIeGvXwhu6eM=,eSoLJaL44nh8tqn9iSU+cRtHKio=
-25,-18,4nO2ShrGTtLQyJ6BIeGvXwhu6eM=,eSoLJaL44nh8tqn9iSU+cRtHKio=
-24,-17,4nO2ShrGTtLQyJ6BIeGvXwhu6eM=,eSoLJaL44nh8tqn9iSU+cRtHKio=
-26,-17,4nO2ShrGTtLQyJ6BIeGvXwhu6eM=,eSoLJaL44nh8tqn9iSU+cRtHKio=
-24,-18,4nO2ShrGTtLQyJ6BIeGvXwhu6eM=,eSoLJaL44nh8tqn9iSU+cRtHKio=
-27,-18,4nO2ShrGTtLQyJ6BIeGvXwhu6eM=,eSoLJaL44nh8tqn9iSU+cRtHKio=
-26,-18,4nO2ShrGTtLQyJ6BIeGvXwhu6eM=,eSoLJaL44nh8tqn9iSU+cRtHKio=
-29,-29,4nO2ShrGTtLQyJ6BIeGvXwhu6eM=,eSoLJaL44nh8tqn9iSU+cRtHKio=
-30,-29,4nO2ShrGTtLQyJ6BIeGvXwhu6eM=,eSoLJaL44nh8tqn9iSU+cRtHKio=
-27,-30,4nO2ShrGTtLQyJ6BIeGvXwhu6eM=,eSoLJaL44nh8tqn9iSU+cRtHKio=
-26,-30,4nO2ShrGTtLQyJ6BIeGvXwhu6eM=,eSoLJaL44nh8tqn9iSU+cRtHKio=
-17,-17,4nO2ShrGTtLQyJ6BIeGvXwhu6eM=,eSoLJaL44nh8tqn9iSU+cRtHKio=
-29,-17,4nO2ShrGTtLQyJ6BIeGvXwhu6eM=,eSoLJaL44nh8tqn9iSU+cRtHKio=
-29,-32,4nO2ShrGTtLQyJ6BIeGvXwhu6eM=,eSoLJaL44nh8tqn9iSU+cRtHKio=
-28,-29,4nO2ShrGTtLQyJ6BIeGvXwhu6eM=,eSoLJaL44nh8tqn9iSU+cRtHKio=
-30,-17,4nO2ShrGTtLQyJ6BIeGvXwhu6eM=,eSoLJaL44nh8tqn9iSU+cRtHKio=
-25,-29,4nO2ShrGTtLQyJ6BIeGvXwhu6eM=,eSoLJaL44nh8tqn9iSU+cRtHKio=
-29,-18,4nO2ShrGTtLQyJ6BIeGvXwhu6eM=,eSoLJaL44nh8tqn9iSU+cRtHKio=
-17,-18,4nO2ShrGTtLQyJ6BIeGvXwhu6eM=,eSoLJaL44nh8tqn9iSU+cRtHKio=
-28,-32,4nO2ShrGTtLQyJ6BIeGvXwhu6eM=,eSoLJaL44nh8tqn9iSU+cRtHKio=
-28,-30,4nO2ShrGTtLQyJ6BIeGvXwhu6eM=,eSoLJaL44nh8tqn9iSU+cRtHKio=
-31,-18,4nO2ShrGTtLQyJ6BIeGvXwhu6eM=,eSoLJaL44nh8tqn9iSU+cRtHKio=
-32,-17,4nO2ShrGTtLQyJ6BIeGvXwhu6eM=,eSoLJaL44nh8tqn9iSU+cRtHKio=
-27,-32,4nO2ShrGTtLQyJ6BIeGvXwhu6eM=,eSoLJaL44nh8tqn9iSU+cRtHKio=
-27,-29,4nO2ShrGTtLQyJ6BIeGvXwhu6eM=,eSoLJaL44nh8tqn9iSU+cRtHKio=
-26,-29,4nO2ShrGTtLQyJ6BIeGvXwhu6eM=,eSoLJaL44nh8tqn9iSU+cRtHKio=
-31,-32,4nO2ShrGTtLQyJ6BIeGvXwhu6eM=,eSoLJaL44nh8tqn9iSU+cRtHKio=
-29,-30,4nO2ShrGTtLQyJ6BIeGvXwhu6eM=,eSoLJaL44nh8tqn9iSU+cRtHKio=
-31,-17,4nO2ShrGTtLQyJ6BIeGvXwhu6eM=,eSoLJaL44nh8tqn9iSU+cRtHKio=
-32,-32,cSzJ17GPcpj/++ge2MQJLCFLRaQ=,eSoLJaL44nh8tqn9iSU+cRtHKio=
-30,-18,4nO2ShrGTtLQyJ6BIeGvXwhu6eM=,eSoLJaL44nh8tqn9iSU+cRtHKio=
-27,-31,4nO2ShrGTtLQyJ6BIeGvXwhu6eM=,eSoLJaL44nh8tqn9iSU+cRtHKio=
-28,-31,4nO2ShrGTtLQyJ6BIeGvXwhu6eM=,eSoLJaL44nh8tqn9iSU+cRtHKio=
-31,-29,4nO2ShrGTtLQyJ6BIeGvXwhu6eM=,eSoLJaL44nh8tqn9iSU+cRtHKio=
-30,-20,cSzJ17GPcpj/++ge2MQJLCFLRaQ=,eSoLJaL44nh8tqn9iSU+cRtHKio=
-32,-19,cSzJ17GPcpj/++ge2MQJLCFLRaQ=,eSoLJaL44nh8tqn9iSU+cRtHKio=
-28,-19,cSzJ17GPcpj/++ge2MQJLCFLRaQ=,eSoLJaL44nh8tqn9iSU+cRtHKio=
-31,-19,cSzJ17GPcpj/++ge2MQJLCFLRaQ=,eSoLJaL44nh8tqn9iSU+cRtHKio=
-29,-20,cSzJ17GPcpj/++ge2MQJLCFLRaQ=,eSoLJaL44nh8tqn9iSU+cRtHKio=
-30,-19,cSzJ17GPcpj/++ge2MQJLCFLRaQ=,eSoLJaL44nh8tqn9iSU+cRtHKio=
-29,-19,cSzJ17GPcpj/++ge2MQJLCFLRaQ=,eSoLJaL44nh8tqn9iSU+cRtHKio=
-29,-22,cSzJ17GPcpj/++ge2MQJLCFLRaQ=,eSoLJaL44nh8tqn9iSU+cRtHKio=
-18,-19,4nO2ShrGTtLQyJ6BIeGvXwhu6eM=,eSoLJaL44nh8tqn9iSU+cRtHKio=
-30,-30,4nO2ShrGTtLQyJ6BIeGvXwhu6eM=,eSoLJaL44nh8tqn9iSU+cRtHKio=
-17,-19,4nO2ShrGTtLQyJ6BIeGvXwhu6eM=,eSoLJaL44nh8tqn9iSU+cRtHKio=
-31,-20,cSzJ17GPcpj/++ge2MQJLCFLRaQ=,eSoLJaL44nh8tqn9iSU+cRtHKio=
-29,-21,cSzJ17GPcpj/++ge2MQJLCFLRaQ=,eSoLJaL44nh8tqn9iSU+cRtHKio=
-30,-21,cSzJ17GPcpj/++ge2MQJLCFLRaQ=,eSoLJaL44nh8tqn9iSU+cRtHKio=
-27,-20,cSzJ17GPcpj/++ge2MQJLCFLRaQ=,eSoLJaL44nh8tqn9iSU+cRtHKio=
-29,-31,4nO2ShrGTtLQyJ6BIeGvXwhu6eM=,eSoLJaL44nh8tqn9iSU+cRtHKio=
-28,-25,vnJGD+AsENLo9kP6jsEALpTXNFA=,eSoLJaL44nh8tqn9iSU+cRtHKio=
-32,-20,cSzJ17GPcpj/++ge2MQJLCFLRaQ=,eSoLJaL44nh8tqn9iSU+cRtHKio=
-31,-30,cSzJ17GPcpj/++ge2MQJLCFLRaQ=,eSoLJaL44nh8tqn9iSU+cRtHKio=
-22,-29,cSzJ17GPcpj/++ge2MQJLCFLRaQ=,eSoLJaL44nh8tqn9iSU+cRtHKio=
-32,-18,cSzJ17GPcpj/++ge2MQJLCFLRaQ=,eSoLJaL44nh8tqn9iSU+cRtHKio=
-24,-29,4nO2ShrGTtLQyJ6BIeGvXwhu6eM=,eSoLJaL44nh8tqn9iSU+cRtHKio=
-23,-29,cSzJ17GPcpj/++ge2MQJLCFLRaQ=,eSoLJaL44nh8tqn9iSU+cRtHKio=
-26,-31,p6wmupAS9u2NCq+LkMs2hp0eV6Y=,eSoLJaL44nh8tqn9iSU+cRtHKio=
-30,-31,cSzJ17GPcpj/++ge2MQJLCFLRaQ=,eSoLJaL44nh8tqn9iSU+cRtHKio=
-19,-19,4nO2ShrGTtLQyJ6BIeGvXwhu6eM=,eSoLJaL44nh8tqn9iSU+cRtHKio=
-20,-19,4nO2ShrGTtLQyJ6BIeGvXwhu6eM=,eSoLJaL44nh8tqn9iSU+cRtHKio=
-21,-19,4nO2ShrGTtLQyJ6BIeGvXwhu6eM=,eSoLJaL44nh8tqn9iSU+cRtHKio=
-22,-19,4nO2ShrGTtLQyJ6BIeGvXwhu6eM=,eSoLJaL44nh8tqn9iSU+cRtHKio=
-23,-19,4nO2ShrGTtLQyJ6BIeGvXwhu6eM=,eSoLJaL44nh8tqn9iSU+cRtHKio=
-24,-19,4nO2ShrGTtLQyJ6BIeGvXwhu6eM=,eSoLJaL44nh8tqn9iSU+cRtHKio=
-25,-19,4nO2ShrGTtLQyJ6BIeGvXwhu6eM=,eSoLJaL44nh8tqn9iSU+cRtHKio=
-26,-19,4nO2ShrGTtLQyJ6BIeGvXwhu6eM=,eSoLJaL44nh8tqn9iSU+cRtHKio=
-27,-19,4nO2ShrGTtLQyJ6BIeGvXwhu6eM=,eSoLJaL44nh8tqn9iSU+cRtHKio=
-28,-20,cSzJ17GPcpj/++ge2MQJLCFLRaQ=,eSoLJaL44nh8tqn9iSU+cRtHKio=
-21,-29,cSzJ17GPcpj/++ge2MQJLCFLRaQ=,eSoLJaL44nh8tqn9iSU+cRtHKio=
-17,-20,cSzJ17GPcpj/++ge2MQJLCFLRaQ=,eSoLJaL44nh8tqn9iSU+cRtHKio=
-25,-30,vnJGD+AsENLo9kP6jsEALpTXNFA=,eSoLJaL44nh8tqn9iSU+cRtHKio=
-17,-29,vnJGD+AsENLo9kP6jsEALpTXNFA=,eSoLJaL44nh8tqn9iSU+cRtHKio=
-20,-29,vnJGD+AsENLo9kP6jsEALpTXNFA=,eSoLJaL44nh8tqn9iSU+cRtHKio=
-26,-32,p6wmupAS9u2NCq+LkMs2hp0eV6Y=,eSoLJaL44nh8tqn9iSU+cRtHKio=
-32,-21,cSzJ17GPcpj/++ge2MQJLCFLRaQ=,eSoLJaL44nh8tqn9iSU+cRtHKio=
-32,-28,p6wmupAS9u2NCq+LkMs2hp0eV6Y=,eSoLJaL44nh8tqn9iSU+cRtHKio=
-27,-28,p6wmupAS9u2NCq+LkMs2hp0eV6Y=,eSoLJaL44nh8tqn9iSU+cRtHKio=
-25,-28,vnJGD+AsENLo9kP6jsEALpTXNFA=,eSoLJaL44nh8tqn9iSU+cRtHKio=
-31,-28,p6wmupAS9u2NCq+LkMs2hp0eV6Y=,eSoLJaL44nh8tqn9iSU+cRtHKio=
-24,-28,p6wmupAS9u2NCq+LkMs2hp0eV6Y=,eSoLJaL44nh8tqn9iSU+cRtHKio=
-28,-28,vnJGD+AsENLo9kP6jsEALpTXNFA=,eSoLJaL44nh8tqn9iSU+cRtHKio=
-26,-28,p6wmupAS9u2NCq+LkMs2hp0eV6Y=,eSoLJaL44nh8tqn9iSU+cRtHKio=
-23,-28,p6wmupAS9u2NCq+LkMs2hp0eV6Y=,eSoLJaL44nh8tqn9iSU+cRtHKio=
-21,-28,p6wmupAS9u2NCq+LkMs2hp0eV6Y=,eSoLJaL44nh8tqn9iSU+cRtHKio=
-30,-28,p6wmupAS9u2NCq+LkMs2hp0eV6Y=,eSoLJaL44nh8tqn9iSU+cRtHKio=
-25,-32,p6wmupAS9u2NCq+LkMs2hp0eV6Y=,eSoLJaL44nh8tqn9iSU+cRtHKio=
-22,-28,p6wmupAS9u2NCq+LkMs2hp0eV6Y=,eSoLJaL44nh8tqn9iSU+cRtHKio=
-29,-28,p6wmupAS9u2NCq+LkMs2hp0eV6Y=,eSoLJaL44nh8tqn9iSU+cRtHKio=
-17,-28,p6wmupAS9u2NCq+LkMs2hp0eV6Y=,eSoLJaL44nh8tqn9iSU+cRtHKio=
-19,-29,vnJGD+AsENLo9kP6jsEALpTXNFA=,eSoLJaL44nh8tqn9iSU+cRtHKio=
-20,-28,p6wmupAS9u2NCq+LkMs2hp0eV6Y=,eSoLJaL44nh8tqn9iSU+cRtHKio=
-18,-29,p6wmupAS9u2NCq+LkMs2hp0eV6Y=,eSoLJaL44nh8tqn9iSU+cRtHKio=
-24,-30,vnJGD+AsENLo9kP6jsEALpTXNFA=,eSoLJaL44nh8tqn9iSU+cRtHKio=
-31,-21,cSzJ17GPcpj/++ge2MQJLCFLRaQ=,eSoLJaL44nh8tqn9iSU+cRtHKio=
-19,-28,p6wmupAS9u2NCq+LkMs2hp0eV6Y=,eSoLJaL44nh8tqn9iSU+cRtHKio=
-25,-31,vnJGD+AsENLo9kP6jsEALpTXNFA=,eSoLJaL44nh8tqn9iSU+cRtHKio=
-29,-23,cSzJ17GPcpj/++ge2MQJLCFLRaQ=,eSoLJaL44nh8tqn9iSU+cRtHKio=
-18,-20,4nO2ShrGTtLQyJ6BIeGvXwhu6eM=,eSoLJaL44nh8tqn9iSU+cRtHKio=
-32,-27,p6wmupAS9u2NCq+LkMs2hp0eV6Y=,eSoLJaL44nh8tqn9iSU+cRtHKio=
-23,-27,p6wmupAS9u2NCq+LkMs2hp0eV6Y=,eSoLJaL44nh8tqn9iSU+cRtHKio=
-24,-31,p6wmupAS9u2NCq+LkMs2hp0eV6Y=,eSoLJaL44nh8tqn9iSU+cRtHKio=
-27,-27,p6wmupAS9u2NCq+LkMs2hp0eV6Y=,eSoLJaL44nh8tqn9iSU+cRtHKio=
-24,-32,vnJGD+AsENLo9kP6jsEALpTXNFA=,eSoLJaL44nh8tqn9iSU+cRtHKio=
-31,-31,cSzJ17GPcpj/++ge2MQJLCFLRaQ=,eSoLJaL44nh8tqn9iSU+cRtHKio=
-18,-28,p6wmupAS9u2NCq+LkMs2hp0eV6Y=,eSoLJaL44nh8tqn9iSU+cRtHKio=
-21,-27,p6wmupAS9u2NCq+LkMs2hp0eV6Y=,eSoLJaL44nh8tqn9iSU+cRtHKio=
-24,-27,p6wmupAS9u2NCq+LkMs2hp0eV6Y=,eSoLJaL44nh8tqn9iSU+cRtHKio=
-20,-27,p6wmupAS9u2NCq+LkMs2hp0eV6Y=,eSoLJaL44nh8tqn9iSU+cRtHKio=
-22,-27,p6wmupAS9u2NCq+LkMs2hp0eV6Y=,eSoLJaL44nh8tqn9iSU+cRtHKio=
-26,-27,p6wmupAS9u2NCq+LkMs2hp0eV6Y=,eSoLJaL44nh8tqn9iSU+cRtHKio=
-29,-27,p6wmupAS9u2NCq+LkMs2hp0eV6Y=,eSoLJaL44nh8tqn9iSU+cRtHKio=
-30,-32,cSzJ17GPcpj/++ge2MQJLCFLRaQ=,eSoLJaL44nh8tqn9iSU+cRtHKio=
-24,-26,vnJGD+AsENLo9kP6jsEALpTXNFA=,eSoLJaL44nh8tqn9iSU+cRtHKio=
-31,-26,vnJGD+AsENLo9kP6jsEALpTXNFA=,eSoLJaL44nh8tqn9iSU+cRtHKio=
-19,-20,4nO2ShrGTtLQyJ6BIeGvXwhu6eM=,eSoLJaL44nh8tqn9iSU+cRtHKio=
-23,-30,p6wmupAS9u2NCq+LkMs2hp0eV6Y=,eSoLJaL44nh8tqn9iSU+cRtHKio=
-20,-20,cSzJ17GPcpj/++ge2MQJLCFLRaQ=,eSoLJaL44nh8tqn9iSU+cRtHKio=
-18,-27,p6wmupAS9u2NCq+LkMs2hp0eV6Y=,eSoLJaL44nh8tqn9iSU+cRtHKio=
-21,-20,cSzJ17GPcpj/++ge2MQJLCFLRaQ=,eSoLJaL44nh8tqn9iSU+cRtHKio=
-22,-20,cSzJ17GPcpj/++ge2MQJLCFLRaQ=,eSoLJaL44nh8tqn9iSU+cRtHKio=
-22,-26,vnJGD+AsENLo9kP6jsEALpTXNFA=,eSoLJaL44nh8tqn9iSU+cRtHKio=
-19,-27,p6wmupAS9u2NCq+LkMs2hp0eV6Y=,eSoLJaL44nh8tqn9iSU+cRtHKio=
-23,-20,cSzJ17GPcpj/++ge2MQJLCFLRaQ=,eSoLJaL44nh8tqn9iSU+cRtHKio=
-24,-20,cSzJ17GPcpj/++ge2MQJLCFLRaQ=,eSoLJaL44nh8tqn9iSU+cRtHKio=
-32,-26,p6wmupAS9u2NCq+LkMs2hp0eV6Y=,eSoLJaL44nh8tqn9iSU+cRtHKio=
-30,-27,p6wmupAS9u2NCq+LkMs2hp0eV6Y=,eSoLJaL44nh8tqn9iSU+cRtHKio=
-23,-26,vnJGD+AsENLo9kP6jsEALpTXNFA=,eSoLJaL44nh8tqn9iSU+cRtHKio=
-28,-27,p6wmupAS9u2NCq+LkMs2hp0eV6Y=,eSoLJaL44nh8tqn9iSU+cRtHKio=
-25,-20,cSzJ17GPcpj/++ge2MQJLCFLRaQ=,eSoLJaL44nh8tqn9iSU+cRtHKio=
-25,-27,p6wmupAS9u2NCq+LkMs2hp0eV6Y=,eSoLJaL44nh8tqn9iSU+cRtHKio=
-26,-20,cSzJ17GPcpj/++ge2MQJLCFLRaQ=,eSoLJaL44nh8tqn9iSU+cRtHKio=
-25,-26,vnJGD+AsENLo9kP6jsEALpTXNFA=,eSoLJaL44nh8tqn9iSU+cRtHKio=
-32,-31,cSzJ17GPcpj/++ge2MQJLCFLRaQ=,eSoLJaL44nh8tqn9iSU+cRtHKio=
-27,-26,vnJGD+AsENLo9kP6jsEALpTXNFA=,eSoLJaL44nh8tqn9iSU+cRtHKio=
-21,-26,vnJGD+AsENLo9kP6jsEALpTXNFA=,eSoLJaL44nh8tqn9iSU+cRtHKio=
-23,-31,vnJGD+AsENLo9kP6jsEALpTXNFA=,eSoLJaL44nh8tqn9iSU+cRtHKio=
-31,-27,p6wmupAS9u2NCq+LkMs2hp0eV6Y=,eSoLJaL44nh8tqn9iSU+cRtHKio=
-18,-26,vnJGD+AsENLo9kP6jsEALpTXNFA=,eSoLJaL44nh8tqn9iSU+cRtHKio=
-30,-26,vnJGD+AsENLo9kP6jsEALpTXNFA=,eSoLJaL44nh8tqn9iSU+cRtHKio=
-19,-26,vnJGD+AsENLo9kP6jsEALpTXNFA=,eSoLJaL44nh8tqn9iSU+cRtHKio=
-17,-26,vnJGD+AsENLo9kP6jsEALpTXNFA=,eSoLJaL44nh8tqn9iSU+cRtHKio=
-20,-26,vnJGD+AsENLo9kP6jsEALpTXNFA=,eSoLJaL44nh8tqn9iSU+cRtHKio=
-25,-25,vnJGD+AsENLo9kP6jsEALpTXNFA=,eSoLJaL44nh8tqn9iSU+cRtHKio=
-23,-32,vnJGD+AsENLo9kP6jsEALpTXNFA=,eSoLJaL44nh8tqn9iSU+cRtHKio=
-26,-26,vnJGD+AsENLo9kP6jsEALpTXNFA=,eSoLJaL44nh8tqn9iSU+cRtHKio=
-31,-25,vnJGD+AsENLo9kP6jsEALpTXNFA=,eSoLJaL44nh8tqn9iSU+cRtHKio=
-24,-25,vnJGD+AsENLo9kP6jsEALpTXNFA=,eSoLJaL44nh8tqn9iSU+cRtHKio=
-29,-26,vnJGD+AsENLo9kP6jsEALpTXNFA=,eSoLJaL44nh8tqn9iSU+cRtHKio=
-17,-30,cSzJ17GPcpj/++ge2MQJLCFLRaQ=,eSoLJaL44nh8tqn9iSU+cRtHKio=
-17,-25,vnJGD+AsENLo9kP6jsEALpTXNFA=,eSoLJaL44nh8tqn9iSU+cRtHKio=
-21,-25,vnJGD+AsENLo9kP6jsEALpTXNFA=,eSoLJaL44nh8tqn9iSU+cRtHKio=
-22,-25,vnJGD+AsENLo9kP6jsEALpTXNFA=,eSoLJaL44nh8tqn9iSU+cRtHKio=
-22,-31,vnJGD+AsENLo9kP6jsEALpTXNFA=,eSoLJaL44nh8tqn9iSU+cRtHKio=
-23,-25,vnJGD+AsENLo9kP6jsEALpTXNFA=,eSoLJaL44nh8tqn9iSU+cRtHKio=
-32,-25,vnJGD+AsENLo9kP6jsEALpTXNFA=,eSoLJaL44nh8tqn9iSU+cRtHKio=
-17,-27,p6wmupAS9u2NCq+LkMs2hp0eV6Y=,eSoLJaL44nh8tqn9iSU+cRtHKio=
-27,-25,vnJGD+AsENLo9kP6jsEALpTXNFA=,eSoLJaL44nh8tqn9iSU+cRtHKio=
-30,-25,vnJGD+AsENLo9kP6jsEALpTXNFA=,eSoLJaL44nh8tqn9iSU+cRtHKio=
-22,-30,vnJGD+AsENLo9kP6jsEALpTXNFA=,eSoLJaL44nh8tqn9iSU+cRtHKio=
-20,-25,vnJGD+AsENLo9kP6jsEALpTXNFA=,eSoLJaL44nh8tqn9iSU+cRtHKio=
-26,-25,vnJGD+AsENLo9kP6jsEALpTXNFA=,eSoLJaL44nh8tqn9iSU+cRtHKio=
-19,-21,cSzJ17GPcpj/++ge2MQJLCFLRaQ=,eSoLJaL44nh8tqn9iSU+cRtHKio=
-18,-21,cSzJ17GPcpj/++ge2MQJLCFLRaQ=,eSoLJaL44nh8tqn9iSU+cRtHKio=
-20,-21,cSzJ17GPcpj/++ge2MQJLCFLRaQ=,eSoLJaL44nh8tqn9iSU+cRtHKio=
-21,-21,cSzJ17GPcpj/++ge2MQJLCFLRaQ=,eSoLJaL44nh8tqn9iSU+cRtHKio=
-22,-21,cSzJ17GPcpj/++ge2MQJLCFLRaQ=,eSoLJaL44nh8tqn9iSU+cRtHKio=
-23,-21,cSzJ17GPcpj/++ge2MQJLCFLRaQ=,eSoLJaL44nh8tqn9iSU+cRtHKio=
-26,-21,cSzJ17GPcpj/++ge2MQJLCFLRaQ=,eSoLJaL44nh8tqn9iSU+cRtHKio=
-25,-21,cSzJ17GPcpj/++ge2MQJLCFLRaQ=,eSoLJaL44nh8tqn9iSU+cRtHKio=
-24,-21,cSzJ17GPcpj/++ge2MQJLCFLRaQ=,eSoLJaL44nh8tqn9iSU+cRtHKio=
-18,-22,cSzJ17GPcpj/++ge2MQJLCFLRaQ=,eSoLJaL44nh8tqn9iSU+cRtHKio=
-17,-32,cSzJ17GPcpj/++ge2MQJLCFLRaQ=,eSoLJaL44nh8tqn9iSU+cRtHKio=
-19,-22,cSzJ17GPcpj/++ge2MQJLCFLRaQ=,eSoLJaL44nh8tqn9iSU+cRtHKio=
-18,-32,cSzJ17GPcpj/++ge2MQJLCFLRaQ=,eSoLJaL44nh8tqn9iSU+cRtHKio=
-20,-22,cSzJ17GPcpj/++ge2MQJLCFLRaQ=,eSoLJaL44nh8tqn9iSU+cRtHKio=
-22,-22,cSzJ17GPcpj/++ge2MQJLCFLRaQ=,eSoLJaL44nh8tqn9iSU+cRtHKio=
-23,-22,cSzJ17GPcpj/++ge2MQJLCFLRaQ=,eSoLJaL44nh8tqn9iSU+cRtHKio=
-21,-22,cSzJ17GPcpj/++ge2MQJLCFLRaQ=,eSoLJaL44nh8tqn9iSU+cRtHKio=
-27,-21,cSzJ17GPcpj/++ge2MQJLCFLRaQ=,eSoLJaL44nh8tqn9iSU+cRtHKio=
-24,-22,cSzJ17GPcpj/++ge2MQJLCFLRaQ=,eSoLJaL44nh8tqn9iSU+cRtHKio=
-26,-22,cSzJ17GPcpj/++ge2MQJLCFLRaQ=,eSoLJaL44nh8tqn9iSU+cRtHKio=
-25,-22,cSzJ17GPcpj/++ge2MQJLCFLRaQ=,eSoLJaL44nh8tqn9iSU+cRtHKio=
-17,-21,cSzJ17GPcpj/++ge2MQJLCFLRaQ=,eSoLJaL44nh8tqn9iSU+cRtHKio=
-30,-22,cSzJ17GPcpj/++ge2MQJLCFLRaQ=,eSoLJaL44nh8tqn9iSU+cRtHKio=
-28,-21,cSzJ17GPcpj/++ge2MQJLCFLRaQ=,eSoLJaL44nh8tqn9iSU+cRtHKio=
-28,-24,vnJGD+AsENLo9kP6jsEALpTXNFA=,eSoLJaL44nh8tqn9iSU+cRtHKio=
-17,-31,cSzJ17GPcpj/++ge2MQJLCFLRaQ=,eSoLJaL44nh8tqn9iSU+cRtHKio=
-17,-23,cSzJ17GPcpj/++ge2MQJLCFLRaQ=,eSoLJaL44nh8tqn9iSU+cRtHKio=
-19,-23,cSzJ17GPcpj/++ge2MQJLCFLRaQ=,eSoLJaL44nh8tqn9iSU+cRtHKio=
-21,-23,cSzJ17GPcpj/++ge2MQJLCFLRaQ=,eSoLJaL44nh8tqn9iSU+cRtHKio=
-32,-30,cSzJ17GPcpj/++ge2MQJLCFLRaQ=,eSoLJaL44nh8tqn9iSU+cRtHKio=
-32,-29,cSzJ17GPcpj/++ge2MQJLCFLRaQ=,eSoLJaL44nh8tqn9iSU+cRtHKio=
-18,-23,cSzJ17GPcpj/++ge2MQJLCFLRaQ=,eSoLJaL44nh8tqn9iSU+cRtHKio=
-18,-31,cSzJ17GPcpj/++ge2MQJLCFLRaQ=,eSoLJaL44nh8tqn9iSU+cRtHKio=
-22,-23,cSzJ17GPcpj/++ge2MQJLCFLRaQ=,eSoLJaL44nh8tqn9iSU+cRtHKio=
-23,-23,cSzJ17GPcpj/++ge2MQJLCFLRaQ=,eSoLJaL44nh8tqn9iSU+cRtHKio=
-26,-23,cSzJ17GPcpj/++ge2MQJLCFLRaQ=,eSoLJaL44nh8tqn9iSU+cRtHKio=
-24,-23,cSzJ17GPcpj/++ge2MQJLCFLRaQ=,eSoLJaL44nh8tqn9iSU+cRtHKio=
-18,-30,cSzJ17GPcpj/++ge2MQJLCFLRaQ=,eSoLJaL44nh8tqn9iSU+cRtHKio=
-17,-22,cSzJ17GPcpj/++ge2MQJLCFLRaQ=,eSoLJaL44nh8tqn9iSU+cRtHKio=
-31,-22,cSzJ17GPcpj/++ge2MQJLCFLRaQ=,eSoLJaL44nh8tqn9iSU+cRtHKio=
-19,-32,cSzJ17GPcpj/++ge2MQJLCFLRaQ=,eSoLJaL44nh8tqn9iSU+cRtHKio=
-19,-31,cSzJ17GPcpj/++ge2MQJLCFLRaQ=,eSoLJaL44nh8tqn9iSU+cRtHKio=
-20,-32,cSzJ17GPcpj/++ge2MQJLCFLRaQ=,eSoLJaL44nh8tqn9iSU+cRtHKio=
-25,-23,cSzJ17GPcpj/++ge2MQJLCFLRaQ=,eSoLJaL44nh8tqn9iSU+cRtHKio=
-19,-30,cSzJ17GPcpj/++ge2MQJLCFLRaQ=,eSoLJaL44nh8tqn9iSU+cRtHKio=
-20,-24,cSzJ17GPcpj/++ge2MQJLCFLRaQ=,eSoLJaL44nh8tqn9iSU+cRtHKio=
-18,-24,cSzJ17GPcpj/++ge2MQJLCFLRaQ=,eSoLJaL44nh8tqn9iSU+cRtHKio=
-17,-24,cSzJ17GPcpj/++ge2MQJLCFLRaQ=,eSoLJaL44nh8tqn9iSU+cRtHKio=
-22,-24,cSzJ17GPcpj/++ge2MQJLCFLRaQ=,eSoLJaL44nh8tqn9iSU+cRtHKio=
-23,-24,cSzJ17GPcpj/++ge2MQJLCFLRaQ=,eSoLJaL44nh8tqn9iSU+cRtHKio=
-21,-24,cSzJ17GPcpj/++ge2MQJLCFLRaQ=,eSoLJaL44nh8tqn9iSU+cRtHKio=
-20,-23,cSzJ17GPcpj/++ge2MQJLCFLRaQ=,eSoLJaL44nh8tqn9iSU+cRtHKio=
-19,-24,cSzJ17GPcpj/++ge2MQJLCFLRaQ=,eSoLJaL44nh8tqn9iSU+cRtHKio=
-28,-22,cSzJ17GPcpj/++ge2MQJLCFLRaQ=,eSoLJaL44nh8tqn9iSU+cRtHKio=
-29,-24,vnJGD+AsENLo9kP6jsEALpTXNFA=,eSoLJaL44nh8tqn9iSU+cRtHKio=
-32,-22,cSzJ17GPcpj/++ge2MQJLCFLRaQ=,eSoLJaL44nh8tqn9iSU+cRtHKio=
-20,-31,cSzJ17GPcpj/++ge2MQJLCFLRaQ=,eSoLJaL44nh8tqn9iSU+cRtHKio=
-27,-23,cSzJ17GPcpj/++ge2MQJLCFLRaQ=,eSoLJaL44nh8tqn9iSU+cRtHKio=
-28,-23,cSzJ17GPcpj/++ge2MQJLCFLRaQ=,eSoLJaL44nh8tqn9iSU+cRtHKio=
-28,-26,vnJGD+AsENLo9kP6jsEALpTXNFA=,eSoLJaL44nh8tqn9iSU+cRtHKio=
-21,-31,cSzJ17GPcpj/++ge2MQJLCFLRaQ=,eSoLJaL44nh8tqn9iSU+cRtHKio=
-27,-22,cSzJ17GPcpj/++ge2MQJLCFLRaQ=,eSoLJaL44nh8tqn9iSU+cRtHKio=
-26,-24,cSzJ17GPcpj/++ge2MQJLCFLRaQ=,eSoLJaL44nh8tqn9iSU+cRtHKio=
-21,-30,vnJGD+AsENLo9kP6jsEALpTXNFA=,eSoLJaL44nh8tqn9iSU+cRtHKio=
-30,-23,cSzJ17GPcpj/++ge2MQJLCFLRaQ=,eSoLJaL44nh8tqn9iSU+cRtHKio=
-29,-25,vnJGD+AsENLo9kP6jsEALpTXNFA=,eSoLJaL44nh8tqn9iSU+cRtHKio=
-21,-32,cSzJ17GPcpj/++ge2MQJLCFLRaQ=,eSoLJaL44nh8tqn9iSU+cRtHKio=
-22,-32,vnJGD+AsENLo9kP6jsEALpTXNFA=,eSoLJaL44nh8tqn9iSU+cRtHKio=
-20,-30,cSzJ17GPcpj/++ge2MQJLCFLRaQ=,eSoLJaL44nh8tqn9iSU+cRtHKio=
-25,-24,cSzJ17GPcpj/++ge2MQJLCFLRaQ=,eSoLJaL44nh8tqn9iSU+cRtHKio=
-30,-24,vnJGD+AsENLo9kP6jsEALpTXNFA=,eSoLJaL44nh8tqn9iSU+cRtHKio=
-19,-25,vnJGD+AsENLo9kP6jsEALpTXNFA=,eSoLJaL44nh8tqn9iSU+cRtHKio=
-31,-23,cSzJ17GPcpj/++ge2MQJLCFLRaQ=,eSoLJaL44nh8tqn9iSU+cRtHKio=
-24,-24,cSzJ17GPcpj/++ge2MQJLCFLRaQ=,eSoLJaL44nh8tqn9iSU+cRtHKio=
-31,-24,vnJGD+AsENLo9kP6jsEALpTXNFA=,eSoLJaL44nh8tqn9iSU+cRtHKio=
-32,-23,cSzJ17GPcpj/++ge2MQJLCFLRaQ=,eSoLJaL44nh8tqn9iSU+cRtHKio=
-27,-24,vnJGD+AsENLo9kP6jsEALpTXNFA=,eSoLJaL44nh8tqn9iSU+cRtHKio=
-18,-25,vnJGD+AsENLo9kP6jsEALpTXNFA=,eSoLJaL44nh8tqn9iSU+cRtHKio=
-32,-24,vnJGD+AsENLo9kP6jsEALpTXNFA=,eSoLJaL44nh8tqn9iSU+cRtHKio=
-25,-13,p6wmupAS9u2NCq+LkMs2hp0eV6Y=,eSoLJaL44nh8tqn9iSU+cRtHKio=
-30,-13,p6wmupAS9u2NCq+LkMs2hp0eV6Y=,eSoLJaL44nh8tqn9iSU+cRtHKio=
-24,-13,p6wmupAS9u2NCq+LkMs2hp0eV6Y=,eSoLJaL44nh8tqn9iSU+cRtHKio=
-27,-16,p6wmupAS9u2NCq+LkMs2hp0eV6Y=,eSoLJaL44nh8tqn9iSU+cRtHKio=
-31,-11,p6wmupAS9u2NCq+LkMs2hp0eV6Y=,eSoLJaL44nh8tqn9iSU+cRtHKio=
-19,-1,p6wmupAS9u2NCq+LkMs2hp0eV6Y=,eSoLJaL44nh8tqn9iSU+cRtHKio=
-27,-15,p6wmupAS9u2NCq+LkMs2hp0eV6Y=,eSoLJaL44nh8tqn9iSU+cRtHKio=
-28,-15,p6wmupAS9u2NCq+LkMs2hp0eV6Y=,eSoLJaL44nh8tqn9iSU+cRtHKio=
-18,-1,p6wmupAS9u2NCq+LkMs2hp0eV6Y=,eSoLJaL44nh8tqn9iSU+cRtHKio=
-29,-13,p6wmupAS9u2NCq+LkMs2hp0eV6Y=,eSoLJaL44nh8tqn9iSU+cRtHKio=
-28,-13,p6wmupAS9u2NCq+LkMs2hp0eV6Y=,eSoLJaL44nh8tqn9iSU+cRtHKio=
-24,-14,p6wmupAS9u2NCq+LkMs2hp0eV6Y=,eSoLJaL44nh8tqn9iSU+cRtHKio=
-20,-13,p6wmupAS9u2NCq+LkMs2hp0eV6Y=,eSoLJaL44nh8tqn9iSU+cRtHKio=
-20,-1,p6wmupAS9u2NCq+LkMs2hp0eV6Y=,eSoLJaL44nh8tqn9iSU+cRtHKio=
-21,-1,p6wmupAS9u2NCq+LkMs2hp0eV6Y=,eSoLJaL44nh8tqn9iSU+cRtHKio=
-26,-13,p6wmupAS9u2NCq+LkMs2hp0eV6Y=,eSoLJaL44nh8tqn9iSU+cRtHKio=
-26,-14,p6wmupAS9u2NCq+LkMs2hp0eV6Y=,eSoLJaL44nh8tqn9iSU+cRtHKio=
-19,-13,p6wmupAS9u2NCq+LkMs2hp0eV6Y=,eSoLJaL44nh8tqn9iSU+cRtHKio=
-22,-1,p6wmupAS9u2NCq+LkMs2hp0eV6Y=,eSoLJaL44nh8tqn9iSU+cRtHKio=
-18,-13,p6wmupAS9u2NCq+LkMs2hp0eV6Y=,eSoLJaL44nh8tqn9iSU+cRtHKio=
-31,-12,p6wmupAS9u2NCq+LkMs2hp0eV6Y=,eSoLJaL44nh8tqn9iSU+cRtHKio=
-23,-1,p6wmupAS9u2NCq+LkMs2hp0eV6Y=,eSoLJaL44nh8tqn9iSU+cRtHKio=
-24,-1,p6wmupAS9u2NCq+LkMs2hp0eV6Y=,eSoLJaL44nh8tqn9iSU+cRtHKio=
-27,-13,p6wmupAS9u2NCq+LkMs2hp0eV6Y=,eSoLJaL44nh8tqn9iSU+cRtHKio=
-29,-16,p6wmupAS9u2NCq+LkMs2hp0eV6Y=,eSoLJaL44nh8tqn9iSU+cRtHKio=
-25,-1,p6wmupAS9u2NCq+LkMs2hp0eV6Y=,eSoLJaL44nh8tqn9iSU+cRtHKio=
-28,-12,p6wmupAS9u2NCq+LkMs2hp0eV6Y=,eSoLJaL44nh8tqn9iSU+cRtHKio=
-23,-13,p6wmupAS9u2NCq+LkMs2hp0eV6Y=,eSoLJaL44nh8tqn9iSU+cRtHKio=
-21,-13,p6wmupAS9u2NCq+LkMs2hp0eV6Y=,eSoLJaL44nh8tqn9iSU+cRtHKio=
-25,-16,p6wmupAS9u2NCq+LkMs2hp0eV6Y=,eSoLJaL44nh8tqn9iSU+cRtHKio=
-26,-16,p6wmupAS9u2NCq+LkMs2hp0eV6Y=,eSoLJaL44nh8tqn9iSU+cRtHKio=
-25,-14,p6wmupAS9u2NCq+LkMs2hp0eV6Y=,eSoLJaL44nh8tqn9iSU+cRtHKio=
-30,-11,p6wmupAS9u2NCq+LkMs2hp0eV6Y=,eSoLJaL44nh8tqn9iSU+cRtHKio=
-27,-14,p6wmupAS9u2NCq+LkMs2hp0eV6Y=,eSoLJaL44nh8tqn9iSU+cRtHKio=
-20,-12,p6wmupAS9u2NCq+LkMs2hp0eV6Y=,eSoLJaL44nh8tqn9iSU+cRtHKio=
-29,-12,p6wmupAS9u2NCq+LkMs2hp0eV6Y=,eSoLJaL44nh8tqn9iSU+cRtHKio=
-25,-12,p6wmupAS9u2NCq+LkMs2hp0eV6Y=,eSoLJaL44nh8tqn9iSU+cRtHKio=
-26,-15,p6wmupAS9u2NCq+LkMs2hp0eV6Y=,eSoLJaL44nh8tqn9iSU+cRtHKio=
-26,-12,p6wmupAS9u2NCq+LkMs2hp0eV6Y=,eSoLJaL44nh8tqn9iSU+cRtHKio=
-22,-13,p6wmupAS9u2NCq+LkMs2hp0eV6Y=,eSoLJaL44nh8tqn9iSU+cRtHKio=
-19,-12,p6wmupAS9u2NCq+LkMs2hp0eV6Y=,eSoLJaL44nh8tqn9iSU+cRtHKio=
-28,-14,p6wmupAS9u2NCq+LkMs2hp0eV6Y=,eSoLJaL44nh8tqn9iSU+cRtHKio=
-30,-12,p6wmupAS9u2NCq+LkMs2hp0eV6Y=,eSoLJaL44nh8tqn9iSU+cRtHKio=
-18,-12,p6wmupAS9u2NCq+LkMs2hp0eV6Y=,eSoLJaL44nh8tqn9iSU+cRtHKio=
-31,-1,p6wmupAS9u2NCq+LkMs2hp0eV6Y=,eSoLJaL44nh8tqn9iSU+cRtHKio=
-27,-12,p6wmupAS9u2NCq+LkMs2hp0eV6Y=,eSoLJaL44nh8tqn9iSU+cRtHKio=
-26,-1,p6wmupAS9u2NCq+LkMs2hp0eV6Y=,eSoLJaL44nh8tqn9iSU+cRtHKio=
-18,-2,p6wmupAS9u2NCq+LkMs2hp0eV6Y=,eSoLJaL44nh8tqn9iSU+cRtHKio=
-23,-12,p6wmupAS9u2NCq+LkMs2hp0eV6Y=,eSoLJaL44nh8tqn9iSU+cRtHKio=
-25,-15,p6wmupAS9u2NCq+LkMs2hp0eV6Y=,eSoLJaL44nh8tqn9iSU+cRtHKio=
-27,-1,p6wmupAS9u2NCq+LkMs2hp0eV6Y=,eSoLJaL44nh8tqn9iSU+cRtHKio=
-30,-1,p6wmupAS9u2NCq+LkMs2hp0eV6Y=,eSoLJaL44nh8tqn9iSU+cRtHKio=
-31,-13,p6wmupAS9u2NCq+LkMs2hp0eV6Y=,eSoLJaL44nh8tqn9iSU+cRtHKio=
-29,-11,p6wmupAS9u2NCq+LkMs2hp0eV6Y=,eSoLJaL44nh8tqn9iSU+cRtHKio=
-29,-1,p6wmupAS9u2NCq+LkMs2hp0eV6Y=,eSoLJaL44nh8tqn9iSU+cRtHKio=
-24,-12,p6wmupAS9u2NCq+LkMs2hp0eV6Y=,eSoLJaL44nh8tqn9iSU+cRtHKio=
-28,-16,p6wmupAS9u2NCq+LkMs2hp0eV6Y=,eSoLJaL44nh8tqn9iSU+cRtHKio=
-29,-14,p6wmupAS9u2NCq+LkMs2hp0eV6Y=,eSoLJaL44nh8tqn9iSU+cRtHKio=
-28,-11,p6wmupAS9u2NCq+LkMs2hp0eV6Y=,eSoLJaL44nh8tqn9iSU+cRtHKio=
-21,-12,p6wmupAS9u2NCq+LkMs2hp0eV6Y=,eSoLJaL44nh8tqn9iSU+cRtHKio=
-22,-12,p6wmupAS9u2NCq+LkMs2hp0eV6Y=,eSoLJaL44nh8tqn9iSU+cRtHKio=
-19,-2,p6wmupAS9u2NCq+LkMs2hp0eV6Y=,eSoLJaL44nh8tqn9iSU+cRtHKio=
-29,-15,p6wmupAS9u2NCq+LkMs2hp0eV6Y=,eSoLJaL44nh8tqn9iSU+cRtHKio=
-31,-2,p6wmupAS9u2NCq+LkMs2hp0eV6Y=,eSoLJaL44nh8tqn9iSU+cRtHKio=
-30,-14,p6wmupAS9u2NCq+LkMs2hp0eV6Y=,eSoLJaL44nh8tqn9iSU+cRtHKio=
-18,-3,p6wmupAS9u2NCq+LkMs2hp0eV6Y=,eSoLJaL44nh8tqn9iSU+cRtHKio=
-20,-2,p6wmupAS9u2NCq+LkMs2hp0eV6Y=,eSoLJaL44nh8tqn9iSU+cRtHKio=
-28,-1,p6wmupAS9u2NCq+LkMs2hp0eV6Y=,eSoLJaL44nh8tqn9iSU+cRtHKio=
-19,-3,p6wmupAS9u2NCq+LkMs2hp0eV6Y=,eSoLJaL44nh8tqn9iSU+cRtHKio=
-20,-3,p6wmupAS9u2NCq+LkMs2hp0eV6Y=,eSoLJaL44nh8tqn9iSU+cRtHKio=
-21,-2,p6wmupAS9u2NCq+LkMs2hp0eV6Y=,eSoLJaL44nh8tqn9iSU+cRtHKio=
-27,-11,p6wmupAS9u2NCq+LkMs2hp0eV6Y=,eSoLJaL44nh8tqn9iSU+cRtHKio=
-26,-11,p6wmupAS9u2NCq+LkMs2hp0eV6Y=,eSoLJaL44nh8tqn9iSU+cRtHKio=
-25,-11,p6wmupAS9u2NCq+LkMs2hp0eV6Y=,eSoLJaL44nh8tqn9iSU+cRtHKio=
-23,-2,p6wmupAS9u2NCq+LkMs2hp0eV6Y=,eSoLJaL44nh8tqn9iSU+cRtHKio=
-24,-2,p6wmupAS9u2NCq+LkMs2hp0eV6Y=,eSoLJaL44nh8tqn9iSU+cRtHKio=
-28,-2,p6wmupAS9u2NCq+LkMs2hp0eV6Y=,eSoLJaL44nh8tqn9iSU+cRtHKio=
-26,-2,p6wmupAS9u2NCq+LkMs2hp0eV6Y=,eSoLJaL44nh8tqn9iSU+cRtHKio=
-30,-2,p6wmupAS9u2NCq+LkMs2hp0eV6Y=,eSoLJaL44nh8tqn9iSU+cRtHKio=
-29,-2,p6wmupAS9u2NCq+LkMs2hp0eV6Y=,eSoLJaL44nh8tqn9iSU+cRtHKio=
-22,-2,p6wmupAS9u2NCq+LkMs2hp0eV6Y=,eSoLJaL44nh8tqn9iSU+cRtHKio=
-25,-2,p6wmupAS9u2NCq+LkMs2hp0eV6Y=,eSoLJaL44nh8tqn9iSU+cRtHKio=
-31,-3,p6wmupAS9u2NCq+LkMs2hp0eV6Y=,eSoLJaL44nh8tqn9iSU+cRtHKio=
-21,-3,p6wmupAS9u2NCq+LkMs2hp0eV6Y=,eSoLJaL44nh8tqn9iSU+cRtHKio=
-24,-11,p6wmupAS9u2NCq+LkMs2hp0eV6Y=,eSoLJaL44nh8tqn9iSU+cRtHKio=
-22,-3,p6wmupAS9u2NCq+LkMs2hp0eV6Y=,eSoLJaL44nh8tqn9iSU+cRtHKio=
-30,-15,p6wmupAS9u2NCq+LkMs2hp0eV6Y=,eSoLJaL44nh8tqn9iSU+cRtHKio=
-23,-3,p6wmupAS9u2NCq+LkMs2hp0eV6Y=,eSoLJaL44nh8tqn9iSU+cRtHKio=
-23,-11,p6wmupAS9u2NCq+LkMs2hp0eV6Y=,eSoLJaL44nh8tqn9iSU+cRtHKio=
-26,-3,p6wmupAS9u2NCq+LkMs2hp0eV6Y=,eSoLJaL44nh8tqn9iSU+cRtHKio=
-20,-4,p6wmupAS9u2NCq+LkMs2hp0eV6Y=,eSoLJaL44nh8tqn9iSU+cRtHKio=
-24,-3,p6wmupAS9u2NCq+LkMs2hp0eV6Y=,eSoLJaL44nh8tqn9iSU+cRtHKio=
-25,-3,p6wmupAS9u2NCq+LkMs2hp0eV6Y=,eSoLJaL44nh8tqn9iSU+cRtHKio=
-18,-4,p6wmupAS9u2NCq+LkMs2hp0eV6Y=,eSoLJaL44nh8tqn9iSU+cRtHKio=
-19,-4,p6wmupAS9u2NCq+LkMs2hp0eV6Y=,eSoLJaL44nh8tqn9iSU+cRtHKio=
-31,-4,p6wmupAS9u2NCq+LkMs2hp0eV6Y=,eSoLJaL44nh8tqn9iSU+cRtHKio=
-22,-11,p6wmupAS9u2NCq+LkMs2hp0eV6Y=,eSoLJaL44nh8tqn9iSU+cRtHKio=
-27,-2,p6wmupAS9u2NCq+LkMs2hp0eV6Y=,eSoLJaL44nh8tqn9iSU+cRtHKio=
-21,-11,p6wmupAS9u2NCq+LkMs2hp0eV6Y=,eSoLJaL44nh8tqn9iSU+cRtHKio=
-18,-16,p6wmupAS9u2NCq+LkMs2hp0eV6Y=,eSoLJaL44nh8tqn9iSU+cRtHKio=
-30,-3,p6wmupAS9u2NCq+LkMs2hp0eV6Y=,eSoLJaL44nh8tqn9iSU+cRtHKio=
-27,-3,p6wmupAS9u2NCq+LkMs2hp0eV6Y=,eSoLJaL44nh8tqn9iSU+cRtHKio=
-29,-3,p6wmupAS9u2NCq+LkMs2hp0eV6Y=,eSoLJaL44nh8tqn9iSU+cRtHKio=
-28,-3,p6wmupAS9u2NCq+LkMs2hp0eV6Y=,eSoLJaL44nh8tqn9iSU+cRtHKio=
-21,-4,p6wmupAS9u2NCq+LkMs2hp0eV6Y=,eSoLJaL44nh8tqn9iSU+cRtHKio=
-31,-9,p6wmupAS9u2NCq+LkMs2hp0eV6Y=,eSoLJaL44nh8tqn9iSU+cRtHKio=
-22,-4,p6wmupAS9u2NCq+LkMs2hp0eV6Y=,eSoLJaL44nh8tqn9iSU+cRtHKio=
-23,-16,p6wmupAS9u2NCq+LkMs2hp0eV6Y=,eSoLJaL44nh8tqn9iSU+cRtHKio=
-23,-15,p6wmupAS9u2NCq+LkMs2hp0eV6Y=,eSoLJaL44nh8tqn9iSU+cRtHKio=
-28,-4,p6wmupAS9u2NCq+LkMs2hp0eV6Y=,eSoLJaL44nh8tqn9iSU+cRtHKio=
-18,-10,p6wmupAS9u2NCq+LkMs2hp0eV6Y=,eSoLJaL44nh8tqn9iSU+cRtHKio=
-17,-13,p6wmupAS9u2NCq+LkMs2hp0eV6Y=,eSoLJaL44nh8tqn9iSU+cRtHKio=
-23,-4,p6wmupAS9u2NCq+LkMs2hp0eV6Y=,eSoLJaL44nh8tqn9iSU+cRtHKio=
-22,-14,p6wmupAS9u2NCq+LkMs2hp0eV6Y=,eSoLJaL44nh8tqn9iSU+cRtHKio=
-24,-4,p6wmupAS9u2NCq+LkMs2hp0eV6Y=,eSoLJaL44nh8tqn9iSU+cRtHKio=
-17,-12,p6wmupAS9u2NCq+LkMs2hp0eV6Y=,eSoLJaL44nh8tqn9iSU+cRtHKio=
-17,-2,p6wmupAS9u2NCq+LkMs2hp0eV6Y=,eSoLJaL44nh8tqn9iSU+cRtHKio=
-19,-10,p6wmupAS9u2NCq+LkMs2hp0eV6Y=,eSoLJaL44nh8tqn9iSU+cRtHKio=
-17,-11,p6wmupAS9u2NCq+LkMs2hp0eV6Y=,eSoLJaL44nh8tqn9iSU+cRtHKio=
-20,-10,p6wmupAS9u2NCq+LkMs2hp0eV6Y=,eSoLJaL44nh8tqn9iSU+cRtHKio=
-17,-14,p6wmupAS9u2NCq+LkMs2hp0eV6Y=,eSoLJaL44nh8tqn9iSU+cRtHKio=
-17,-3,p6wmupAS9u2NCq+LkMs2hp0eV6Y=,eSoLJaL44nh8tqn9iSU+cRtHKio=
-30,-4,p6wmupAS9u2NCq+LkMs2hp0eV6Y=,eSoLJaL44nh8tqn9iSU+cRtHKio=
-17,-10,p6wmupAS9u2NCq+LkMs2hp0eV6Y=,eSoLJaL44nh8tqn9iSU+cRtHKio=
-17,-4,p6wmupAS9u2NCq+LkMs2hp0eV6Y=,eSoLJaL44nh8tqn9iSU+cRtHKio=
-26,-4,p6wmupAS9u2NCq+LkMs2hp0eV6Y=,eSoLJaL44nh8tqn9iSU+cRtHKio=
-29,-9,p6wmupAS9u2NCq+LkMs2hp0eV6Y=,eSoLJaL44nh8tqn9iSU+cRtHKio=
-17,-5,p6wmupAS9u2NCq+LkMs2hp0eV6Y=,eSoLJaL44nh8tqn9iSU+cRtHKio=
-17,-1,p6wmupAS9u2NCq+LkMs2hp0eV6Y=,eSoLJaL44nh8tqn9iSU+cRtHKio=
-17,-6,p6wmupAS9u2NCq+LkMs2hp0eV6Y=,eSoLJaL44nh8tqn9iSU+cRtHKio=
-25,-4,p6wmupAS9u2NCq+LkMs2hp0eV6Y=,eSoLJaL44nh8tqn9iSU+cRtHKio=
-17,-7,p6wmupAS9u2NCq+LkMs2hp0eV6Y=,eSoLJaL44nh8tqn9iSU+cRtHKio=
-27,-4,p6wmupAS9u2NCq+LkMs2hp0eV6Y=,eSoLJaL44nh8tqn9iSU+cRtHKio=
-30,-9,p6wmupAS9u2NCq+LkMs2hp0eV6Y=,eSoLJaL44nh8tqn9iSU+cRtHKio=
-17,-8,p6wmupAS9u2NCq+LkMs2hp0eV6Y=,eSoLJaL44nh8tqn9iSU+cRtHKio=
-17,-9,p6wmupAS9u2NCq+LkMs2hp0eV6Y=,eSoLJaL44nh8tqn9iSU+cRtHKio=
-21,-10,p6wmupAS9u2NCq+LkMs2hp0eV6Y=,eSoLJaL44nh8tqn9iSU+cRtHKio=
-29,-4,p6wmupAS9u2NCq+LkMs2hp0eV6Y=,eSoLJaL44nh8tqn9iSU+cRtHKio=
-24,-16,p6wmupAS9u2NCq+LkMs2hp0eV6Y=,eSoLJaL44nh8tqn9iSU+cRtHKio=
-22,-10,p6wmupAS9u2NCq+LkMs2hp0eV6Y=,eSoLJaL44nh8tqn9iSU+cRtHKio=
-25,-10,p6wmupAS9u2NCq+LkMs2hp0eV6Y=,eSoLJaL44nh8tqn9iSU+cRtHKio=
-23,-10,p6wmupAS9u2NCq+LkMs2hp0eV6Y=,eSoLJaL44nh8tqn9iSU+cRtHKio=
-28,-9,p6wmupAS9u2NCq+LkMs2hp0eV6Y=,eSoLJaL44nh8tqn9iSU+cRtHKio=
-24,-15,p6wmupAS9u2NCq+LkMs2hp0eV6Y=,eSoLJaL44nh8tqn9iSU+cRtHKio=
-18,-11,p6wmupAS9u2NCq+LkMs2hp0eV6Y=,eSoLJaL44nh8tqn9iSU+cRtHKio=
-24,-10,p6wmupAS9u2NCq+LkMs2hp0eV6Y=,eSoLJaL44nh8tqn9iSU+cRtHKio=
-28,-10,p6wmupAS9u2NCq+LkMs2hp0eV6Y=,eSoLJaL44nh8tqn9iSU+cRtHKio=
-31,-10,p6wmupAS9u2NCq+LkMs2hp0eV6Y=,eSoLJaL44nh8tqn9iSU+cRtHKio=
-27,-10,p6wmupAS9u2NCq+LkMs2hp0eV6Y=,eSoLJaL44nh8tqn9iSU+cRtHKio=
-23,-14,p6wmupAS9u2NCq+LkMs2hp0eV6Y=,eSoLJaL44nh8tqn9iSU+cRtHKio=
-20,-11,p6wmupAS9u2NCq+LkMs2hp0eV6Y=,eSoLJaL44nh8tqn9iSU+cRtHKio=
-30,-10,p6wmupAS9u2NCq+LkMs2hp0eV6Y=,eSoLJaL44nh8tqn9iSU+cRtHKio=
-29,-10,p6wmupAS9u2NCq+LkMs2hp0eV6Y=,eSoLJaL44nh8tqn9iSU+cRtHKio=
-18,-5,p6wmupAS9u2NCq+LkMs2hp0eV6Y=,eSoLJaL44nh8tqn9iSU+cRtHKio=
-18,-15,p6wmupAS9u2NCq+LkMs2hp0eV6Y=,eSoLJaL44nh8tqn9iSU+cRtHKio=
-19,-11,p6wmupAS9u2NCq+LkMs2hp0eV6Y=,eSoLJaL44nh8tqn9iSU+cRtHKio=
-20,-5,p6wmupAS9u2NCq+LkMs2hp0eV6Y=,eSoLJaL44nh8tqn9iSU+cRtHKio=
-27,-9,p6wmupAS9u2NCq+LkMs2hp0eV6Y=,eSoLJaL44nh8tqn9iSU+cRtHKio=
-19,-5,p6wmupAS9u2NCq+LkMs2hp0eV6Y=,eSoLJaL44nh8tqn9iSU+cRtHKio=
-26,-10,p6wmupAS9u2NCq+LkMs2hp0eV6Y=,eSoLJaL44nh8tqn9iSU+cRtHKio=
-31,-5,KrKzwo3TRMMlCvh9fcV1Sv1N1L8=,eSoLJaL44nh8tqn9iSU+cRtHKio=
-21,-5,p6wmupAS9u2NCq+LkMs2hp0eV6Y=,eSoLJaL44nh8tqn9iSU+cRtHKio=
-27,-5,KrKzwo3TRMMlCvh9fcV1Sv1N1L8=,eSoLJaL44nh8tqn9iSU+cRtHKio=
-18,-14,KrKzwo3TRMMlCvh9fcV1Sv1N1L8=,eSoLJaL44nh8tqn9iSU+cRtHKio=
-19,-16,KrKzwo3TRMMlCvh9fcV1Sv1N1L8=,eSoLJaL44nh8tqn9iSU+cRtHKio=
-19,-15,KrKzwo3TRMMlCvh9fcV1Sv1N1L8=,eSoLJaL44nh8tqn9iSU+cRtHKio=
-26,-5,KrKzwo3TRMMlCvh9fcV1Sv1N1L8=,eSoLJaL44nh8tqn9iSU+cRtHKio=
-23,-5,p6wmupAS9u2NCq+LkMs2hp0eV6Y=,eSoLJaL44nh8tqn9iSU+cRtHKio=
-24,-5,p6wmupAS9u2NCq+LkMs2hp0eV6Y=,eSoLJaL44nh8tqn9iSU+cRtHKio=
-25,-5,p6wmupAS9u2NCq+LkMs2hp0eV6Y=,eSoLJaL44nh8tqn9iSU+cRtHKio=
-18,-6,KrKzwo3TRMMlCvh9fcV1Sv1N1L8=,eSoLJaL44nh8tqn9iSU+cRtHKio=
-20,-6,KrKzwo3TRMMlCvh9fcV1Sv1N1L8=,eSoLJaL44nh8tqn9iSU+cRtHKio=
-28,-5,KrKzwo3TRMMlCvh9fcV1Sv1N1L8=,eSoLJaL44nh8tqn9iSU+cRtHKio=
-19,-6,KrKzwo3TRMMlCvh9fcV1Sv1N1L8=,eSoLJaL44nh8tqn9iSU+cRtHKio=
-29,-5,KrKzwo3TRMMlCvh9fcV1Sv1N1L8=,eSoLJaL44nh8tqn9iSU+cRtHKio=
-31,-6,KrKzwo3TRMMlCvh9fcV1Sv1N1L8=,eSoLJaL44nh8tqn9iSU+cRtHKio=
-26,-9,p6wmupAS9u2NCq+LkMs2hp0eV6Y=,eSoLJaL44nh8tqn9iSU+cRtHKio=
-30,-5,KrKzwo3TRMMlCvh9fcV1Sv1N1L8=,eSoLJaL44nh8tqn9iSU+cRtHKio=
-20,-16,KrKzwo3TRMMlCvh9fcV1Sv1N1L8=,eSoLJaL44nh8tqn9iSU+cRtHKio=
-19,-14,KrKzwo3TRMMlCvh9fcV1Sv1N1L8=,eSoLJaL44nh8tqn9iSU+cRtHKio=
-22,-6,KrKzwo3TRMMlCvh9fcV1Sv1N1L8=,eSoLJaL44nh8tqn9iSU+cRtHKio=
-20,-15,KrKzwo3TRMMlCvh9fcV1Sv1N1L8=,eSoLJaL44nh8tqn9iSU+cRtHKio=
-19,-7,KrKzwo3TRMMlCvh9fcV1Sv1N1L8=,eSoLJaL44nh8tqn9iSU+cRtHKio=
-18,-7,KrKzwo3TRMMlCvh9fcV1Sv1N1L8=,eSoLJaL44nh8tqn9iSU+cRtHKio=
-29,-6,KrKzwo3TRMMlCvh9fcV1Sv1N1L8=,eSoLJaL44nh8tqn9iSU+cRtHKio=
-26,-6,KrKzwo3TRMMlCvh9fcV1Sv1N1L8=,eSoLJaL44nh8tqn9iSU+cRtHKio=
-21,-6,KrKzwo3TRMMlCvh9fcV1Sv1N1L8=,eSoLJaL44nh8tqn9iSU+cRtHKio=
-30,-6,KrKzwo3TRMMlCvh9fcV1Sv1N1L8=,eSoLJaL44nh8tqn9iSU+cRtHKio=
-22,-5,p6wmupAS9u2NCq+LkMs2hp0eV6Y=,eSoLJaL44nh8tqn9iSU+cRtHKio=
-27,-6,KrKzwo3TRMMlCvh9fcV1Sv1N1L8=,eSoLJaL44nh8tqn9iSU+cRtHKio=
-28,-7,p6wmupAS9u2NCq+LkMs2hp0eV6Y=,eSoLJaL44nh8tqn9iSU+cRtHKio=
-30,-7,KrKzwo3TRMMlCvh9fcV1Sv1N1L8=,eSoLJaL44nh8tqn9iSU+cRtHKio=
-21,-16,KrKzwo3TRMMlCvh9fcV1Sv1N1L8=,eSoLJaL44nh8tqn9iSU+cRtHKio=
-21,-15,KrKzwo3TRMMlCvh9fcV1Sv1N1L8=,eSoLJaL44nh8tqn9iSU+cRtHKio=
-25,-7,p6wmupAS9u2NCq+LkMs2hp0eV6Y=,eSoLJaL44nh8tqn9iSU+cRtHKio=
-27,-7,p6wmupAS9u2NCq+LkMs2hp0eV6Y=,eSoLJaL44nh8tqn9iSU+cRtHKio=
-18,-8,KrKzwo3TRMMlCvh9fcV1Sv1N1L8=,eSoLJaL44nh8tqn9iSU+cRtHKio=
-19,-8,KrKzwo3TRMMlCvh9fcV1Sv1N1L8=,eSoLJaL44nh8tqn9iSU+cRtHKio=
-29,-7,KrKzwo3TRMMlCvh9fcV1Sv1N1L8=,eSoLJaL44nh8tqn9iSU+cRtHKio=
-20,-8,KrKzwo3TRMMlCvh9fcV1Sv1N1L8=,eSoLJaL44nh8tqn9iSU+cRtHKio=
-24,-7,p6wmupAS9u2NCq+LkMs2hp0eV6Y=,eSoLJaL44nh8tqn9iSU+cRtHKio=
-21,-8,KrKzwo3TRMMlCvh9fcV1Sv1N1L8=,eSoLJaL44nh8tqn9iSU+cRtHKio=
-24,-6,KrKzwo3TRMMlCvh9fcV1Sv1N1L8=,eSoLJaL44nh8tqn9iSU+cRtHKio=
-26,-7,p6wmupAS9u2NCq+LkMs2hp0eV6Y=,eSoLJaL44nh8tqn9iSU+cRtHKio=
-28,-6,KrKzwo3TRMMlCvh9fcV1Sv1N1L8=,eSoLJaL44nh8tqn9iSU+cRtHKio=
-21,-7,KrKzwo3TRMMlCvh9fcV1Sv1N1L8=,eSoLJaL44nh8tqn9iSU+cRtHKio=
-25,-9,p6wmupAS9u2NCq+LkMs2hp0eV6Y=,eSoLJaL44nh8tqn9iSU+cRtHKio=
-32,-1,p6wmupAS9u2NCq+LkMs2hp0eV6Y=,eSoLJaL44nh8tqn9iSU+cRtHKio=
-32,-2,p6wmupAS9u2NCq+LkMs2hp0eV6Y=,eSoLJaL44nh8tqn9iSU+cRtHKio=
-31,-7,KrKzwo3TRMMlCvh9fcV1Sv1N1L8=,eSoLJaL44nh8tqn9iSU+cRtHKio=
-25,-8,p6wmupAS9u2NCq+LkMs2hp0eV6Y=,eSoLJaL44nh8tqn9iSU+cRtHKio=
-23,-7,p6wmupAS9u2NCq+LkMs2hp0eV6Y=,eSoLJaL44nh8tqn9iSU+cRtHKio=
-24,-9,p6wmupAS9u2NCq+LkMs2hp0eV6Y=,eSoLJaL44nh8tqn9iSU+cRtHKio=
-23,-9,p6wmupAS9u2NCq+LkMs2hp0eV6Y=,eSoLJaL44nh8tqn9iSU+cRtHKio=
-21,-9,p6wmupAS9u2NCq+LkMs2hp0eV6Y=,eSoLJaL44nh8tqn9iSU+cRtHKio=
-22,-9,p6wmupAS9u2NCq+LkMs2hp0eV6Y=,eSoLJaL44nh8tqn9iSU+cRtHKio=
-20,-9,p6wmupAS9u2NCq+LkMs2hp0eV6Y=,eSoLJaL44nh8tqn9iSU+cRtHKio=
-19,-9,p6wmupAS9u2NCq+LkMs2hp0eV6Y=,eSoLJaL44nh8tqn9iSU+cRtHKio=
-18,-9,p6wmupAS9u2NCq+LkMs2hp0eV6Y=,eSoLJaL44nh8tqn9iSU+cRtHKio=
-22,-15,p6wmupAS9u2NCq+LkMs2hp0eV6Y=,eSoLJaL44nh8tqn9iSU+cRtHKio=
-22,-16,p6wmupAS9u2NCq+LkMs2hp0eV6Y=,eSoLJaL44nh8tqn9iSU+cRtHKio=
-21,-14,p6wmupAS9u2NCq+LkMs2hp0eV6Y=,eSoLJaL44nh8tqn9iSU+cRtHKio=
-31,-8,p6wmupAS9u2NCq+LkMs2hp0eV6Y=,eSoLJaL44nh8tqn9iSU+cRtHKio=
-30,-8,p6wmupAS9u2NCq+LkMs2hp0eV6Y=,eSoLJaL44nh8tqn9iSU+cRtHKio=
-24,-8,p6wmupAS9u2NCq+LkMs2hp0eV6Y=,eSoLJaL44nh8tqn9iSU+cRtHKio=
-29,-8,p6wmupAS9u2NCq+LkMs2hp0eV6Y=,eSoLJaL44nh8tqn9iSU+cRtHKio=
-28,-8,p6wmupAS9u2NCq+LkMs2hp0eV6Y=,eSoLJaL44nh8tqn9iSU+cRtHKio=
-27,-8,p6wmupAS9u2NCq+LkMs2hp0eV6Y=,eSoLJaL44nh8tqn9iSU+cRtHKio=
-17,-15,KrKzwo3TRMMlCvh9fcV1Sv1N1L8=,eSoLJaL44nh8tqn9iSU+cRtHKio=
-20,-7,KrKzwo3TRMMlCvh9fcV1Sv1N1L8=,eSoLJaL44nh8tqn9iSU+cRtHKio=
-22,-7,p6wmupAS9u2NCq+LkMs2hp0eV6Y=,eSoLJaL44nh8tqn9iSU+cRtHKio=
-23,-6,KrKzwo3TRMMlCvh9fcV1Sv1N1L8=,eSoLJaL44nh8tqn9iSU+cRtHKio=
-26,-8,p6wmupAS9u2NCq+LkMs2hp0eV6Y=,eSoLJaL44nh8tqn9iSU+cRtHKio=
-20,-14,KrKzwo3TRMMlCvh9fcV1Sv1N1L8=,eSoLJaL44nh8tqn9iSU+cRtHKio=
-17,-16,KrKzwo3TRMMlCvh9fcV1Sv1N1L8=,eSoLJaL44nh8tqn9iSU+cRtHKio=
-31,-14,KrKzwo3TRMMlCvh9fcV1Sv1N1L8=,eSoLJaL44nh8tqn9iSU+cRtHKio=
-23,-8,p6wmupAS9u2NCq+LkMs2hp0eV6Y=,eSoLJaL44nh8tqn9iSU+cRtHKio=
-22,-8,p6wmupAS9u2NCq+LkMs2hp0eV6Y=,eSoLJaL44nh8tqn9iSU+cRtHKio=
-25,-6,KrKzwo3TRMMlCvh9fcV1Sv1N1L8=,eSoLJaL44nh8tqn9iSU+cRtHKio=
-32,-3,p6wmupAS9u2NCq+LkMs2hp0eV6Y=,eSoLJaL44nh8tqn9iSU+cRtHKio=
-30,-16,KrKzwo3TRMMlCvh9fcV1Sv1N1L8=,eSoLJaL44nh8tqn9iSU+cRtHKio=
-31,-15,KrKzwo3TRMMlCvh9fcV1Sv1N1L8=,eSoLJaL44nh8tqn9iSU+cRtHKio=
-32,-7,KrKzwo3TRMMlCvh9fcV1Sv1N1L8=,eSoLJaL44nh8tqn9iSU+cRtHKio=
-32,-10,KrKzwo3TRMMlCvh9fcV1Sv1N1L8=,eSoLJaL44nh8tqn9iSU+cRtHKio=
-32,-11,KrKzwo3TRMMlCvh9fcV1Sv1N1L8=,eSoLJaL44nh8tqn9iSU+cRtHKio=
-32,-9,KrKzwo3TRMMlCvh9fcV1Sv1N1L8=,eSoLJaL44nh8tqn9iSU+cRtHKio=
-32,-16,KrKzwo3TRMMlCvh9fcV1Sv1N1L8=,eSoLJaL44nh8tqn9iSU+cRtHKio=
-32,-8,KrKzwo3TRMMlCvh9fcV1Sv1N1L8=,eSoLJaL44nh8tqn9iSU+cRtHKio=
-32,-6,KrKzwo3TRMMlCvh9fcV1Sv1N1L8=,eSoLJaL44nh8tqn9iSU+cRtHKio=
-32,-5,KrKzwo3TRMMlCvh9fcV1Sv1N1L8=,eSoLJaL44nh8tqn9iSU+cRtHKio=
-32,-12,KrKzwo3TRMMlCvh9fcV1Sv1N1L8=,eSoLJaL44nh8tqn9iSU+cRtHKio=
-31,-16,KrKzwo3TRMMlCvh9fcV1Sv1N1L8=,eSoLJaL44nh8tqn9iSU+cRtHKio=
-32,-4,KrKzwo3TRMMlCvh9fcV1Sv1N1L8=,eSoLJaL44nh8tqn9iSU+cRtHKio=
-32,-14,KrKzwo3TRMMlCvh9fcV1Sv1N1L8=,eSoLJaL44nh8tqn9iSU+cRtHKio=
-32,-15,KrKzwo3TRMMlCvh9fcV1Sv1N1L8=,eSoLJaL44nh8tqn9iSU+cRtHKio=
-32,-13,KrKzwo3TRMMlCvh9fcV1Sv1N1L8=,eSoLJaL44nh8tqn9iSU+cRtHKio=
