-7,4,KrW7B5ndgtBYIXSyN4rUyozqVLo=,2dwcG4ELS6C5ZSzZOSNxVQcwGco=
-2,0,KrW7B5ndgtBYIXSyN4rUyozqVLo=,EoPev2H0jZSPsUhY6W9F2plaqKY=
-7,3,KrW7B5ndgtBYIXSyN4rUyozqVLo=,GY0qjsIbu036Er3Rumw/or8BfMM=
-1,0,KrW7B5ndgtBYIXSyN4rUyozqVLo=,EoPev2H0jZSPsUhY6W9F2plaqKY=
-12,4,GO31bf1BSktmdfvzTQPo0QKmd3E=,4GDdD94V1vWp3WiNNZsEYHO9uJA=
-7,2,KrW7B5ndgtBYIXSyN4rUyozqVLo=,SJf3QjAV4WYH/38lOMige+gDQ/U=
-8,3,KrW7B5ndgtBYIXSyN4rUyozqVLo=,2dwcG4ELS6C5ZSzZOSNxVQcwGco=
-8,2,KrW7B5ndgtBYIXSyN4rUyozqVLo=,QV23a/eyJhNEIrdil1gFefGXPEs=
-12,2,GO31bf1BSktmdfvzTQPo0QKmd3E=,4GDdD94V1vWp3WiNNZsEYHO9uJA=
-12,3,GO31bf1BSktmdfvzTQPo0QKmd3E=,4GDdD94V1vWp3WiNNZsEYHO9uJA=
-6,2,KrW7B5ndgtBYIXSyN4rUyozqVLo=,dkA20lp4Yj/p5BpMCUQsTfOV+0k=
-6,0,XDgDBiJPbA2gn5IoQUv5LEGQmn8=,EoPev2H0jZSPsUhY6W9F2plaqKY=
-6,3,XDgDBiJPbA2gn5IoQUv5LEGQmn8=,5Hvn8Fep/KtD+V5YNQL/n8kIIkQ=
-11,2,XDgDBiJPbA2gn5IoQUv5LEGQmn8=,zFwW/P/pkKYySwXaA2wgUKKTqV0=
-6,4,XDgDBiJPbA2gn5IoQUv5LEGQmn8=,m5+/QNDSquxtin3gbbw1SxteYnM=
-6,1,XDgDBiJPbA2gn5IoQUv5LEGQmn8=,QV23a/eyJhNEIrdil1gFefGXPEs=
-11,4,XDgDBiJPbA2gn5IoQUv5LEGQmn8=,zFwW/P/pkKYySwXaA2wgUKKTqV0=
-5,4,XDgDBiJPbA2gn5IoQUv5LEGQmn8=,3coale9rX3KVsXsLARH7HHuwVmI=
-5,1,XDgDBiJPbA2gn5IoQUv5LEGQmn8=,LPwC8kVf3tgUf1TtL7x9Z5md4lE=
-9,4,XDgDBiJPbA2gn5IoQUv5LEGQmn8=,yWL7HYt0SLeplMZD3u8NfcIbYBw=
-5,0,XDgDBiJPbA2gn5IoQUv5LEGQmn8=,EoPev2H0jZSPsUhY6W9F2plaqKY=
-5,2,XDgDBiJPbA2gn5IoQUv5LEGQmn8=,M1X+DBSAl3p6+Xbtf8pnBLLlBds=
-5,3,XDgDBiJPbA2gn5IoQUv5LEGQmn8=,M1X+DBSAl3p6+Xbtf8pnBLLlBds=
-10,2,XDgDBiJPbA2gn5IoQUv5LEGQmn8=,zFwW/P/pkKYySwXaA2wgUKKTqV0=
-10,4,XDgDBiJPbA2gn5IoQUv5LEGQmn8=,zFwW/P/pkKYySwXaA2wgUKKTqV0=
-11,3,XDgDBiJPbA2gn5IoQUv5LEGQmn8=,zFwW/P/pkKYySwXaA2wgUKKTqV0=
-4,0,XDgDBiJPbA2gn5IoQUv5LEGQmn8=,EoPev2H0jZSPsUhY6W9F2plaqKY=
-3,0,XDgDBiJPbA2gn5IoQUv5LEGQmn8=,EoPev2H0jZSPsUhY6W9F2plaqKY=
-9,2,XDgDBiJPbA2gn5IoQUv5LEGQmn8=,zFwW/P/pkKYySwXaA2wgUKKTqV0=
-10,3,XDgDBiJPbA2gn5IoQUv5LEGQmn8=,zFwW/P/pkKYySwXaA2wgUKKTqV0=
-9,3,XDgDBiJPbA2gn5IoQUv5LEGQmn8=,zFwW/P/pkKYySwXaA2wgUKKTqV0=
-1,1,mCFq1RpNjYAiF1lN7l0jXlRGXj0=,gpzL+uM4MPi1VhdztTLQYOYzHJ8=
-2,1,mCFq1RpNjYAiF1lN7l0jXlRGXj0=,gpzL+uM4MPi1VhdztTLQYOYzHJ8=
-8,1,KrW7B5ndgtBYIXSyN4rUyozqVLo=,EoPev2H0jZSPsUhY6W9F2plaqKY=
-10,1,XDgDBiJPbA2gn5IoQUv5LEGQmn8=,zFwW/P/pkKYySwXaA2wgUKKTqV0=
-9,1,XDgDBiJPbA2gn5IoQUv5LEGQmn8=,zFwW/P/pkKYySwXaA2wgUKKTqV0=
