7,-13,qfJRsWznAL1btFZ11HTkmAQCtmE=,38wUCnPLG1dIAesIXuQzHnfLERs=
8,-13,qfJRsWznAL1btFZ11HTkmAQCtmE=,38wUCnPLG1dIAesIXuQzHnfLERs=
6,-13,qfJRsWznAL1btFZ11HTkmAQCtmE=,38wUCnPLG1dIAesIXuQzHnfLERs=
6,-14,qfJRsWznAL1btFZ11HTkmAQCtmE=,38wUCnPLG1dIAesIXuQzHnfLERs=
5,-13,qfJRsWznAL1btFZ11HTkmAQCtmE=,38wUCnPLG1dIAesIXuQzHnfLERs=
5,-14,qfJRsWznAL1btFZ11HTkmAQCtmE=,38wUCnPLG1dIAesIXuQzHnfLERs=
3,-16,qfJRsWznAL1btFZ11HTkmAQCtmE=,38wUCnPLG1dIAesIXuQzHnfLERs=
5,-15,qfJRsWznAL1btFZ11HTkmAQCtmE=,38wUCnPLG1dIAesIXuQzHnfLERs=
4,-15,qfJRsWznAL1btFZ11HTkmAQCtmE=,38wUCnPLG1dIAesIXuQzHnfLERs=
4,-13,qfJRsWznAL1btFZ11HTkmAQCtmE=,38wUCnPLG1dIAesIXuQzHnfLERs=
1,-16,qfJRsWznAL1btFZ11HTkmAQCtmE=,38wUCnPLG1dIAesIXuQzHnfLERs=
9,-13,qfJRsWznAL1btFZ11HTkmAQCtmE=,38wUCnPLG1dIAesIXuQzHnfLERs=
0,-16,qfJRsWznAL1btFZ11HTkmAQCtmE=,38wUCnPLG1dIAesIXuQzHnfLERs=
0,-12,qfJRsWznAL1btFZ11HTkmAQCtmE=,38wUCnPLG1dIAesIXuQzHnfLERs=
3,-13,qfJRsWznAL1btFZ11HTkmAQCtmE=,38wUCnPLG1dIAesIXuQzHnfLERs=
2,-13,qfJRsWznAL1btFZ11HTkmAQCtmE=,38wUCnPLG1dIAesIXuQzHnfLERs=
4,-14,qfJRsWznAL1btFZ11HTkmAQCtmE=,38wUCnPLG1dIAesIXuQzHnfLERs=
4,-12,qfJRsWznAL1btFZ11HTkmAQCtmE=,38wUCnPLG1dIAesIXuQzHnfLERs=
5,-12,qfJRsWznAL1btFZ11HTkmAQCtmE=,38wUCnPLG1dIAesIXuQzHnfLERs=
10,-13,qfJRsWznAL1btFZ11HTkmAQCtmE=,38wUCnPLG1dIAesIXuQzHnfLERs=
0,-13,qfJRsWznAL1btFZ11HTkmAQCtmE=,38wUCnPLG1dIAesIXuQzHnfLERs=
0,-11,qfJRsWznAL1btFZ11HTkmAQCtmE=,38wUCnPLG1dIAesIXuQzHnfLERs=
3,-12,qfJRsWznAL1btFZ11HTkmAQCtmE=,38wUCnPLG1dIAesIXuQzHnfLERs=
6,-12,qfJRsWznAL1btFZ11HTkmAQCtmE=,38wUCnPLG1dIAesIXuQzHnfLERs=
0,-15,qfJRsWznAL1btFZ11HTkmAQCtmE=,38wUCnPLG1dIAesIXuQzHnfLERs=
15,-1,qfJRsWznAL1btFZ11HTkmAQCtmE=,38wUCnPLG1dIAesIXuQzHnfLERs=
0,-14,qfJRsWznAL1btFZ11HTkmAQCtmE=,38wUCnPLG1dIAesIXuQzHnfLERs=
0,-9,qfJRsWznAL1btFZ11HTkmAQCtmE=,38wUCnPLG1dIAesIXuQzHnfLERs=
0,-10,qfJRsWznAL1btFZ11HTkmAQCtmE=,38wUCnPLG1dIAesIXuQzHnfLERs=
7,-12,qfJRsWznAL1btFZ11HTkmAQCtmE=,38wUCnPLG1dIAesIXuQzHnfLERs=
2,-12,qfJRsWznAL1btFZ11HTkmAQCtmE=,38wUCnPLG1dIAesIXuQzHnfLERs=
11,-13,qfJRsWznAL1btFZ11HTkmAQCtmE=,38wUCnPLG1dIAesIXuQzHnfLERs=
12,-13,qfJRsWznAL1btFZ11HTkmAQCtmE=,38wUCnPLG1dIAesIXuQzHnfLERs=
0,-6,qfJRsWznAL1btFZ11HTkmAQCtmE=,38wUCnPLG1dIAesIXuQzHnfLERs=
0,-8,qfJRsWznAL1btFZ11HTkmAQCtmE=,38wUCnPLG1dIAesIXuQzHnfLERs=
0,-7,qfJRsWznAL1btFZ11HTkmAQCtmE=,38wUCnPLG1dIAesIXuQzHnfLERs=
8,-12,qfJRsWznAL1btFZ11HTkmAQCtmE=,38wUCnPLG1dIAesIXuQzHnfLERs=
1,-12,qfJRsWznAL1btFZ11HTkmAQCtmE=,38wUCnPLG1dIAesIXuQzHnfLERs=
14,-13,qfJRsWznAL1btFZ11HTkmAQCtmE=,38wUCnPLG1dIAesIXuQzHnfLERs=
5,-16,qfJRsWznAL1btFZ11HTkmAQCtmE=,38wUCnPLG1dIAesIXuQzHnfLERs=
13,-13,qfJRsWznAL1btFZ11HTkmAQCtmE=,38wUCnPLG1dIAesIXuQzHnfLERs=
14,-1,qfJRsWznAL1btFZ11HTkmAQCtmE=,38wUCnPLG1dIAesIXuQzHnfLERs=
6,-15,qfJRsWznAL1btFZ11HTkmAQCtmE=,38wUCnPLG1dIAesIXuQzHnfLERs=
9,-12,qfJRsWznAL1btFZ11HTkmAQCtmE=,38wUCnPLG1dIAesIXuQzHnfLERs=
15,-13,qfJRsWznAL1btFZ11HTkmAQCtmE=,38wUCnPLG1dIAesIXuQzHnfLERs=
6,-16,qfJRsWznAL1btFZ11HTkmAQCtmE=,38wUCnPLG1dIAesIXuQzHnfLERs=
13,-1,qfJRsWznAL1btFZ11HTkmAQCtmE=,38wUCnPLG1dIAesIXuQzHnfLERs=
12,-1,qfJRsWznAL1btFZ11HTkmAQCtmE=,38wUCnPLG1dIAesIXuQzHnfLERs=
10,-1,qfJRsWznAL1btFZ11HTkmAQCtmE=,38wUCnPLG1dIAesIXuQzHnfLERs=
10,-12,qfJRsWznAL1btFZ11HTkmAQCtmE=,38wUCnPLG1dIAesIXuQzHnfLERs=
11,-1,qfJRsWznAL1btFZ11HTkmAQCtmE=,38wUCnPLG1dIAesIXuQzHnfLERs=
7,-14,qfJRsWznAL1btFZ11HTkmAQCtmE=,38wUCnPLG1dIAesIXuQzHnfLERs=
11,-12,qfJRsWznAL1btFZ11HTkmAQCtmE=,38wUCnPLG1dIAesIXuQzHnfLERs=
9,-1,qfJRsWznAL1btFZ11HTkmAQCtmE=,38wUCnPLG1dIAesIXuQzHnfLERs=
8,-1,qfJRsWznAL1btFZ11HTkmAQCtmE=,38wUCnPLG1dIAesIXuQzHnfLERs=
7,-1,qfJRsWznAL1btFZ11HTkmAQCtmE=,38wUCnPLG1dIAesIXuQzHnfLERs=
12,-12,qfJRsWznAL1btFZ11HTkmAQCtmE=,38wUCnPLG1dIAesIXuQzHnfLERs=
13,-12,qfJRsWznAL1btFZ11HTkmAQCtmE=,38wUCnPLG1dIAesIXuQzHnfLERs=
1,-13,qfJRsWznAL1btFZ11HTkmAQCtmE=,38wUCnPLG1dIAesIXuQzHnfLERs=
4,-16,qfJRsWznAL1btFZ11HTkmAQCtmE=,38wUCnPLG1dIAesIXuQzHnfLERs=
14,-12,qfJRsWznAL1btFZ11HTkmAQCtmE=,38wUCnPLG1dIAesIXuQzHnfLERs=
11,-11,qfJRsWznAL1btFZ11HTkmAQCtmE=,38wUCnPLG1dIAesIXuQzHnfLERs=
12,-11,qfJRsWznAL1btFZ11HTkmAQCtmE=,38wUCnPLG1dIAesIXuQzHnfLERs=
10,-11,qfJRsWznAL1btFZ11HTkmAQCtmE=,38wUCnPLG1dIAesIXuQzHnfLERs=
9,-11,qfJRsWznAL1btFZ11HTkmAQCtmE=,38wUCnPLG1dIAesIXuQzHnfLERs=
13,-11,qfJRsWznAL1btFZ11HTkmAQCtmE=,38wUCnPLG1dIAesIXuQzHnfLERs=
8,-11,qfJRsWznAL1btFZ11HTkmAQCtmE=,38wUCnPLG1dIAesIXuQzHnfLERs=
14,-11,qfJRsWznAL1btFZ11HTkmAQCtmE=,38wUCnPLG1dIAesIXuQzHnfLERs=
15,-12,qfJRsWznAL1btFZ11HTkmAQCtmE=,38wUCnPLG1dIAesIXuQzHnfLERs=
8,-15,qfJRsWznAL1btFZ11HTkmAQCtmE=,38wUCnPLG1dIAesIXuQzHnfLERs=
15,-11,qfJRsWznAL1btFZ11HTkmAQCtmE=,38wUCnPLG1dIAesIXuQzHnfLERs=
3,-14,qfJRsWznAL1btFZ11HTkmAQCtmE=,38wUCnPLG1dIAesIXuQzHnfLERs=
9,-14,qfJRsWznAL1btFZ11HTkmAQCtmE=,38wUCnPLG1dIAesIXuQzHnfLERs=
7,-15,qfJRsWznAL1btFZ11HTkmAQCtmE=,38wUCnPLG1dIAesIXuQzHnfLERs=
8,-16,qfJRsWznAL1btFZ11HTkmAQCtmE=,38wUCnPLG1dIAesIXuQzHnfLERs=
8,-14,qfJRsWznAL1btFZ11HTkmAQCtmE=,38wUCnPLG1dIAesIXuQzHnfLERs=
1,-10,qfJRsWznAL1btFZ11HTkmAQCtmE=,38wUCnPLG1dIAesIXuQzHnfLERs=
7,-16,qfJRsWznAL1btFZ11HTkmAQCtmE=,38wUCnPLG1dIAesIXuQzHnfLERs=
2,-10,qfJRsWznAL1btFZ11HTkmAQCtmE=,38wUCnPLG1dIAesIXuQzHnfLERs=
1,-11,qfJRsWznAL1btFZ11HTkmAQCtmE=,38wUCnPLG1dIAesIXuQzHnfLERs=
3,-10,qfJRsWznAL1btFZ11HTkmAQCtmE=,38wUCnPLG1dIAesIXuQzHnfLERs=
4,-10,qfJRsWznAL1btFZ11HTkmAQCtmE=,38wUCnPLG1dIAesIXuQzHnfLERs=
15,-2,qfJRsWznAL1btFZ11HTkmAQCtmE=,38wUCnPLG1dIAesIXuQzHnfLERs=
5,-10,qfJRsWznAL1btFZ11HTkmAQCtmE=,38wUCnPLG1dIAesIXuQzHnfLERs=
2,-11,qfJRsWznAL1btFZ11HTkmAQCtmE=,38wUCnPLG1dIAesIXuQzHnfLERs=
6,-10,qfJRsWznAL1btFZ11HTkmAQCtmE=,38wUCnPLG1dIAesIXuQzHnfLERs=
3,-11,qfJRsWznAL1btFZ11HTkmAQCtmE=,38wUCnPLG1dIAesIXuQzHnfLERs=
7,-10,qfJRsWznAL1btFZ11HTkmAQCtmE=,38wUCnPLG1dIAesIXuQzHnfLERs=
14,-2,qfJRsWznAL1btFZ11HTkmAQCtmE=,38wUCnPLG1dIAesIXuQzHnfLERs=
8,-10,qfJRsWznAL1btFZ11HTkmAQCtmE=,38wUCnPLG1dIAesIXuQzHnfLERs=
4,-11,qfJRsWznAL1btFZ11HTkmAQCtmE=,38wUCnPLG1dIAesIXuQzHnfLERs=
5,-11,qfJRsWznAL1btFZ11HTkmAQCtmE=,38wUCnPLG1dIAesIXuQzHnfLERs=
9,-10,qfJRsWznAL1btFZ11HTkmAQCtmE=,38wUCnPLG1dIAesIXuQzHnfLERs=
6,-11,qfJRsWznAL1btFZ11HTkmAQCtmE=,38wUCnPLG1dIAesIXuQzHnfLERs=
10,-10,qfJRsWznAL1btFZ11HTkmAQCtmE=,38wUCnPLG1dIAesIXuQzHnfLERs=
13,-2,qfJRsWznAL1btFZ11HTkmAQCtmE=,38wUCnPLG1dIAesIXuQzHnfLERs=
11,-10,qfJRsWznAL1btFZ11HTkmAQCtmE=,38wUCnPLG1dIAesIXuQzHnfLERs=
7,-11,qfJRsWznAL1btFZ11HTkmAQCtmE=,38wUCnPLG1dIAesIXuQzHnfLERs=
12,-10,qfJRsWznAL1btFZ11HTkmAQCtmE=,38wUCnPLG1dIAesIXuQzHnfLERs=
12,-2,qfJRsWznAL1btFZ11HTkmAQCtmE=,38wUCnPLG1dIAesIXuQzHnfLERs=
13,-10,qfJRsWznAL1btFZ11HTkmAQCtmE=,38wUCnPLG1dIAesIXuQzHnfLERs=
11,-2,qfJRsWznAL1btFZ11HTkmAQCtmE=,38wUCnPLG1dIAesIXuQzHnfLERs=
14,-10,qfJRsWznAL1btFZ11HTkmAQCtmE=,38wUCnPLG1dIAesIXuQzHnfLERs=
9,-15,qfJRsWznAL1btFZ11HTkmAQCtmE=,38wUCnPLG1dIAesIXuQzHnfLERs=
15,-10,qfJRsWznAL1btFZ11HTkmAQCtmE=,38wUCnPLG1dIAesIXuQzHnfLERs=
10,-14,pgcue16QPqWMRPGm+KyYylWGW6g=,38wUCnPLG1dIAesIXuQzHnfLERs=
10,-2,pgcue16QPqWMRPGm+KyYylWGW6g=,38wUCnPLG1dIAesIXuQzHnfLERs=
9,-16,pgcue16QPqWMRPGm+KyYylWGW6g=,38wUCnPLG1dIAesIXuQzHnfLERs=
9,-2,pgcue16QPqWMRPGm+KyYylWGW6g=,38wUCnPLG1dIAesIXuQzHnfLERs=
1,-9,pgcue16QPqWMRPGm+KyYylWGW6g=,38wUCnPLG1dIAesIXuQzHnfLERs=
8,-2,pgcue16QPqWMRPGm+KyYylWGW6g=,38wUCnPLG1dIAesIXuQzHnfLERs=
2,-9,pgcue16QPqWMRPGm+KyYylWGW6g=,38wUCnPLG1dIAesIXuQzHnfLERs=
7,-2,pgcue16QPqWMRPGm+KyYylWGW6g=,38wUCnPLG1dIAesIXuQzHnfLERs=
0,-2,pgcue16QPqWMRPGm+KyYylWGW6g=,38wUCnPLG1dIAesIXuQzHnfLERs=
3,-9,pgcue16QPqWMRPGm+KyYylWGW6g=,38wUCnPLG1dIAesIXuQzHnfLERs=
4,-9,pgcue16QPqWMRPGm+KyYylWGW6g=,38wUCnPLG1dIAesIXuQzHnfLERs=
5,-9,pgcue16QPqWMRPGm+KyYylWGW6g=,38wUCnPLG1dIAesIXuQzHnfLERs=
6,-9,pgcue16QPqWMRPGm+KyYylWGW6g=,38wUCnPLG1dIAesIXuQzHnfLERs=
7,-9,pgcue16QPqWMRPGm+KyYylWGW6g=,38wUCnPLG1dIAesIXuQzHnfLERs=
8,-9,pgcue16QPqWMRPGm+KyYylWGW6g=,38wUCnPLG1dIAesIXuQzHnfLERs=
9,-9,pgcue16QPqWMRPGm+KyYylWGW6g=,38wUCnPLG1dIAesIXuQzHnfLERs=
10,-9,pgcue16QPqWMRPGm+KyYylWGW6g=,38wUCnPLG1dIAesIXuQzHnfLERs=
0,-1,pgcue16QPqWMRPGm+KyYylWGW6g=,38wUCnPLG1dIAesIXuQzHnfLERs=
11,-9,pgcue16QPqWMRPGm+KyYylWGW6g=,38wUCnPLG1dIAesIXuQzHnfLERs=
12,-9,pgcue16QPqWMRPGm+KyYylWGW6g=,38wUCnPLG1dIAesIXuQzHnfLERs=
13,-9,pgcue16QPqWMRPGm+KyYylWGW6g=,38wUCnPLG1dIAesIXuQzHnfLERs=
0,-3,pgcue16QPqWMRPGm+KyYylWGW6g=,38wUCnPLG1dIAesIXuQzHnfLERs=
4,-1,pgcue16QPqWMRPGm+KyYylWGW6g=,38wUCnPLG1dIAesIXuQzHnfLERs=
2,-1,pgcue16QPqWMRPGm+KyYylWGW6g=,38wUCnPLG1dIAesIXuQzHnfLERs=
0,-5,pgcue16QPqWMRPGm+KyYylWGW6g=,38wUCnPLG1dIAesIXuQzHnfLERs=
14,-9,pgcue16QPqWMRPGm+KyYylWGW6g=,38wUCnPLG1dIAesIXuQzHnfLERs=
0,-4,pgcue16QPqWMRPGm+KyYylWGW6g=,38wUCnPLG1dIAesIXuQzHnfLERs=
15,-3,pgcue16QPqWMRPGm+KyYylWGW6g=,38wUCnPLG1dIAesIXuQzHnfLERs=
15,-9,pgcue16QPqWMRPGm+KyYylWGW6g=,38wUCnPLG1dIAesIXuQzHnfLERs=
3,-15,pgcue16QPqWMRPGm+KyYylWGW6g=,38wUCnPLG1dIAesIXuQzHnfLERs=
2,-14,pgcue16QPqWMRPGm+KyYylWGW6g=,38wUCnPLG1dIAesIXuQzHnfLERs=
10,-15,pgcue16QPqWMRPGm+KyYylWGW6g=,38wUCnPLG1dIAesIXuQzHnfLERs=
11,-14,pgcue16QPqWMRPGm+KyYylWGW6g=,38wUCnPLG1dIAesIXuQzHnfLERs=
6,-1,pgcue16QPqWMRPGm+KyYylWGW6g=,38wUCnPLG1dIAesIXuQzHnfLERs=
12,-3,pgcue16QPqWMRPGm+KyYylWGW6g=,38wUCnPLG1dIAesIXuQzHnfLERs=
10,-16,pgcue16QPqWMRPGm+KyYylWGW6g=,38wUCnPLG1dIAesIXuQzHnfLERs=
13,-3,pgcue16QPqWMRPGm+KyYylWGW6g=,38wUCnPLG1dIAesIXuQzHnfLERs=
1,-1,pgcue16QPqWMRPGm+KyYylWGW6g=,38wUCnPLG1dIAesIXuQzHnfLERs=
10,-8,pgcue16QPqWMRPGm+KyYylWGW6g=,38wUCnPLG1dIAesIXuQzHnfLERs=
9,-3,pgcue16QPqWMRPGm+KyYylWGW6g=,38wUCnPLG1dIAesIXuQzHnfLERs=
9,-8,pgcue16QPqWMRPGm+KyYylWGW6g=,38wUCnPLG1dIAesIXuQzHnfLERs=
10,-3,pgcue16QPqWMRPGm+KyYylWGW6g=,38wUCnPLG1dIAesIXuQzHnfLERs=
8,-8,pgcue16QPqWMRPGm+KyYylWGW6g=,38wUCnPLG1dIAesIXuQzHnfLERs=
1,-8,pgcue16QPqWMRPGm+KyYylWGW6g=,38wUCnPLG1dIAesIXuQzHnfLERs=
7,-3,pgcue16QPqWMRPGm+KyYylWGW6g=,38wUCnPLG1dIAesIXuQzHnfLERs=
14,-3,pgcue16QPqWMRPGm+KyYylWGW6g=,38wUCnPLG1dIAesIXuQzHnfLERs=
11,-3,pgcue16QPqWMRPGm+KyYylWGW6g=,38wUCnPLG1dIAesIXuQzHnfLERs=
7,-8,pgcue16QPqWMRPGm+KyYylWGW6g=,38wUCnPLG1dIAesIXuQzHnfLERs=
3,-1,pgcue16QPqWMRPGm+KyYylWGW6g=,38wUCnPLG1dIAesIXuQzHnfLERs=
5,-1,pgcue16QPqWMRPGm+KyYylWGW6g=,38wUCnPLG1dIAesIXuQzHnfLERs=
2,-8,pgcue16QPqWMRPGm+KyYylWGW6g=,38wUCnPLG1dIAesIXuQzHnfLERs=
3,-8,pgcue16QPqWMRPGm+KyYylWGW6g=,38wUCnPLG1dIAesIXuQzHnfLERs=
5,-8,pgcue16QPqWMRPGm+KyYylWGW6g=,38wUCnPLG1dIAesIXuQzHnfLERs=
15,-4,pgcue16QPqWMRPGm+KyYylWGW6g=,38wUCnPLG1dIAesIXuQzHnfLERs=
2,-15,pgcue16QPqWMRPGm+KyYylWGW6g=,38wUCnPLG1dIAesIXuQzHnfLERs=
1,-14,pgcue16QPqWMRPGm+KyYylWGW6g=,38wUCnPLG1dIAesIXuQzHnfLERs=
14,-4,pgcue16QPqWMRPGm+KyYylWGW6g=,38wUCnPLG1dIAesIXuQzHnfLERs=
8,-3,pgcue16QPqWMRPGm+KyYylWGW6g=,38wUCnPLG1dIAesIXuQzHnfLERs=
6,-8,pgcue16QPqWMRPGm+KyYylWGW6g=,38wUCnPLG1dIAesIXuQzHnfLERs=
4,-8,pgcue16QPqWMRPGm+KyYylWGW6g=,38wUCnPLG1dIAesIXuQzHnfLERs=
12,-4,pgcue16QPqWMRPGm+KyYylWGW6g=,38wUCnPLG1dIAesIXuQzHnfLERs=
11,-8,pgcue16QPqWMRPGm+KyYylWGW6g=,38wUCnPLG1dIAesIXuQzHnfLERs=
10,-4,pgcue16QPqWMRPGm+KyYylWGW6g=,38wUCnPLG1dIAesIXuQzHnfLERs=
13,-4,pgcue16QPqWMRPGm+KyYylWGW6g=,38wUCnPLG1dIAesIXuQzHnfLERs=
9,-4,pgcue16QPqWMRPGm+KyYylWGW6g=,38wUCnPLG1dIAesIXuQzHnfLERs=
7,-4,pgcue16QPqWMRPGm+KyYylWGW6g=,38wUCnPLG1dIAesIXuQzHnfLERs=
8,-4,pgcue16QPqWMRPGm+KyYylWGW6g=,38wUCnPLG1dIAesIXuQzHnfLERs=
11,-4,pgcue16QPqWMRPGm+KyYylWGW6g=,38wUCnPLG1dIAesIXuQzHnfLERs=
12,-8,pgcue16QPqWMRPGm+KyYylWGW6g=,38wUCnPLG1dIAesIXuQzHnfLERs=
1,-15,pgcue16QPqWMRPGm+KyYylWGW6g=,38wUCnPLG1dIAesIXuQzHnfLERs=
13,-8,pgcue16QPqWMRPGm+KyYylWGW6g=,38wUCnPLG1dIAesIXuQzHnfLERs=
15,-16,pgcue16QPqWMRPGm+KyYylWGW6g=,38wUCnPLG1dIAesIXuQzHnfLERs=
14,-16,pgcue16QPqWMRPGm+KyYylWGW6g=,38wUCnPLG1dIAesIXuQzHnfLERs=
15,-14,pgcue16QPqWMRPGm+KyYylWGW6g=,38wUCnPLG1dIAesIXuQzHnfLERs=
15,-15,pgcue16QPqWMRPGm+KyYylWGW6g=,38wUCnPLG1dIAesIXuQzHnfLERs=
15,-5,pgcue16QPqWMRPGm+KyYylWGW6g=,38wUCnPLG1dIAesIXuQzHnfLERs=
14,-15,pgcue16QPqWMRPGm+KyYylWGW6g=,38wUCnPLG1dIAesIXuQzHnfLERs=
14,-5,pgcue16QPqWMRPGm+KyYylWGW6g=,38wUCnPLG1dIAesIXuQzHnfLERs=
13,-5,pgcue16QPqWMRPGm+KyYylWGW6g=,38wUCnPLG1dIAesIXuQzHnfLERs=
2,-16,pgcue16QPqWMRPGm+KyYylWGW6g=,38wUCnPLG1dIAesIXuQzHnfLERs=
12,-5,pgcue16QPqWMRPGm+KyYylWGW6g=,38wUCnPLG1dIAesIXuQzHnfLERs=
11,-5,pgcue16QPqWMRPGm+KyYylWGW6g=,38wUCnPLG1dIAesIXuQzHnfLERs=
10,-5,pgcue16QPqWMRPGm+KyYylWGW6g=,38wUCnPLG1dIAesIXuQzHnfLERs=
9,-5,pgcue16QPqWMRPGm+KyYylWGW6g=,38wUCnPLG1dIAesIXuQzHnfLERs=
8,-5,pgcue16QPqWMRPGm+KyYylWGW6g=,38wUCnPLG1dIAesIXuQzHnfLERs=
7,-5,pgcue16QPqWMRPGm+KyYylWGW6g=,38wUCnPLG1dIAesIXuQzHnfLERs=
6,-5,pgcue16QPqWMRPGm+KyYylWGW6g=,38wUCnPLG1dIAesIXuQzHnfLERs=
5,-5,pgcue16QPqWMRPGm+KyYylWGW6g=,38wUCnPLG1dIAesIXuQzHnfLERs=
4,-5,pgcue16QPqWMRPGm+KyYylWGW6g=,38wUCnPLG1dIAesIXuQzHnfLERs=
3,-5,pgcue16QPqWMRPGm+KyYylWGW6g=,38wUCnPLG1dIAesIXuQzHnfLERs=
14,-8,pgcue16QPqWMRPGm+KyYylWGW6g=,38wUCnPLG1dIAesIXuQzHnfLERs=
14,-14,pgcue16QPqWMRPGm+KyYylWGW6g=,38wUCnPLG1dIAesIXuQzHnfLERs=
15,-8,pgcue16QPqWMRPGm+KyYylWGW6g=,38wUCnPLG1dIAesIXuQzHnfLERs=
13,-16,pgcue16QPqWMRPGm+KyYylWGW6g=,38wUCnPLG1dIAesIXuQzHnfLERs=
11,-15,pgcue16QPqWMRPGm+KyYylWGW6g=,38wUCnPLG1dIAesIXuQzHnfLERs=
12,-14,pgcue16QPqWMRPGm+KyYylWGW6g=,38wUCnPLG1dIAesIXuQzHnfLERs=
11,-16,pgcue16QPqWMRPGm+KyYylWGW6g=,38wUCnPLG1dIAesIXuQzHnfLERs=
1,-7,pgcue16QPqWMRPGm+KyYylWGW6g=,38wUCnPLG1dIAesIXuQzHnfLERs=
2,-7,pgcue16QPqWMRPGm+KyYylWGW6g=,38wUCnPLG1dIAesIXuQzHnfLERs=
3,-7,pgcue16QPqWMRPGm+KyYylWGW6g=,38wUCnPLG1dIAesIXuQzHnfLERs=
4,-7,pgcue16QPqWMRPGm+KyYylWGW6g=,38wUCnPLG1dIAesIXuQzHnfLERs=
5,-7,pgcue16QPqWMRPGm+KyYylWGW6g=,38wUCnPLG1dIAesIXuQzHnfLERs=
6,-7,pgcue16QPqWMRPGm+KyYylWGW6g=,38wUCnPLG1dIAesIXuQzHnfLERs=
13,-15,pgcue16QPqWMRPGm+KyYylWGW6g=,38wUCnPLG1dIAesIXuQzHnfLERs=
7,-7,pgcue16QPqWMRPGm+KyYylWGW6g=,38wUCnPLG1dIAesIXuQzHnfLERs=
8,-7,pgcue16QPqWMRPGm+KyYylWGW6g=,38wUCnPLG1dIAesIXuQzHnfLERs=
4,-4,pgcue16QPqWMRPGm+KyYylWGW6g=,38wUCnPLG1dIAesIXuQzHnfLERs=
9,-7,pgcue16QPqWMRPGm+KyYylWGW6g=,38wUCnPLG1dIAesIXuQzHnfLERs=
11,-6,pgcue16QPqWMRPGm+KyYylWGW6g=,38wUCnPLG1dIAesIXuQzHnfLERs=
13,-6,pgcue16QPqWMRPGm+KyYylWGW6g=,38wUCnPLG1dIAesIXuQzHnfLERs=
10,-7,pgcue16QPqWMRPGm+KyYylWGW6g=,38wUCnPLG1dIAesIXuQzHnfLERs=
10,-6,pgcue16QPqWMRPGm+KyYylWGW6g=,38wUCnPLG1dIAesIXuQzHnfLERs=
14,-6,pgcue16QPqWMRPGm+KyYylWGW6g=,38wUCnPLG1dIAesIXuQzHnfLERs=
11,-7,pgcue16QPqWMRPGm+KyYylWGW6g=,38wUCnPLG1dIAesIXuQzHnfLERs=
12,-6,pgcue16QPqWMRPGm+KyYylWGW6g=,38wUCnPLG1dIAesIXuQzHnfLERs=
12,-7,pgcue16QPqWMRPGm+KyYylWGW6g=,38wUCnPLG1dIAesIXuQzHnfLERs=
15,-6,pgcue16QPqWMRPGm+KyYylWGW6g=,38wUCnPLG1dIAesIXuQzHnfLERs=
13,-7,pgcue16QPqWMRPGm+KyYylWGW6g=,38wUCnPLG1dIAesIXuQzHnfLERs=
14,-7,pgcue16QPqWMRPGm+KyYylWGW6g=,38wUCnPLG1dIAesIXuQzHnfLERs=
15,-7,pgcue16QPqWMRPGm+KyYylWGW6g=,38wUCnPLG1dIAesIXuQzHnfLERs=
8,-6,pgcue16QPqWMRPGm+KyYylWGW6g=,38wUCnPLG1dIAesIXuQzHnfLERs=
6,-6,pgcue16QPqWMRPGm+KyYylWGW6g=,38wUCnPLG1dIAesIXuQzHnfLERs=
6,-2,pgcue16QPqWMRPGm+KyYylWGW6g=,38wUCnPLG1dIAesIXuQzHnfLERs=
9,-6,pgcue16QPqWMRPGm+KyYylWGW6g=,38wUCnPLG1dIAesIXuQzHnfLERs=
1,-2,pgcue16QPqWMRPGm+KyYylWGW6g=,38wUCnPLG1dIAesIXuQzHnfLERs=
12,-15,pgcue16QPqWMRPGm+KyYylWGW6g=,38wUCnPLG1dIAesIXuQzHnfLERs=
1,-6,pgcue16QPqWMRPGm+KyYylWGW6g=,38wUCnPLG1dIAesIXuQzHnfLERs=
7,-6,pgcue16QPqWMRPGm+KyYylWGW6g=,38wUCnPLG1dIAesIXuQzHnfLERs=
5,-6,pgcue16QPqWMRPGm+KyYylWGW6g=,38wUCnPLG1dIAesIXuQzHnfLERs=
5,-3,pgcue16QPqWMRPGm+KyYylWGW6g=,38wUCnPLG1dIAesIXuQzHnfLERs=
2,-6,pgcue16QPqWMRPGm+KyYylWGW6g=,38wUCnPLG1dIAesIXuQzHnfLERs=
13,-14,pgcue16QPqWMRPGm+KyYylWGW6g=,38wUCnPLG1dIAesIXuQzHnfLERs=
6,-3,pgcue16QPqWMRPGm+KyYylWGW6g=,38wUCnPLG1dIAesIXuQzHnfLERs=
4,-2,pgcue16QPqWMRPGm+KyYylWGW6g=,38wUCnPLG1dIAesIXuQzHnfLERs=
5,-2,pgcue16QPqWMRPGm+KyYylWGW6g=,38wUCnPLG1dIAesIXuQzHnfLERs=
1,-5,pgcue16QPqWMRPGm+KyYylWGW6g=,38wUCnPLG1dIAesIXuQzHnfLERs=
5,-4,pgcue16QPqWMRPGm+KyYylWGW6g=,38wUCnPLG1dIAesIXuQzHnfLERs=
6,-4,pgcue16QPqWMRPGm+KyYylWGW6g=,38wUCnPLG1dIAesIXuQzHnfLERs=
4,-6,pgcue16QPqWMRPGm+KyYylWGW6g=,38wUCnPLG1dIAesIXuQzHnfLERs=
3,-6,pgcue16QPqWMRPGm+KyYylWGW6g=,38wUCnPLG1dIAesIXuQzHnfLERs=
12,-16,pgcue16QPqWMRPGm+KyYylWGW6g=,38wUCnPLG1dIAesIXuQzHnfLERs=
3,-4,pgcue16QPqWMRPGm+KyYylWGW6g=,38wUCnPLG1dIAesIXuQzHnfLERs=
2,-5,pgcue16QPqWMRPGm+KyYylWGW6g=,38wUCnPLG1dIAesIXuQzHnfLERs=
2,-2,pgcue16QPqWMRPGm+KyYylWGW6g=,38wUCnPLG1dIAesIXuQzHnfLERs=
2,-3,pgcue16QPqWMRPGm+KyYylWGW6g=,38wUCnPLG1dIAesIXuQzHnfLERs=
4,-3,pgcue16QPqWMRPGm+KyYylWGW6g=,38wUCnPLG1dIAesIXuQzHnfLERs=
1,-3,pgcue16QPqWMRPGm+KyYylWGW6g=,38wUCnPLG1dIAesIXuQzHnfLERs=
3,-3,pgcue16QPqWMRPGm+KyYylWGW6g=,38wUCnPLG1dIAesIXuQzHnfLERs=
1,-4,pgcue16QPqWMRPGm+KyYylWGW6g=,38wUCnPLG1dIAesIXuQzHnfLERs=
2,-4,pgcue16QPqWMRPGm+KyYylWGW6g=,38wUCnPLG1dIAesIXuQzHnfLERs=
3,-2,pgcue16QPqWMRPGm+KyYylWGW6g=,38wUCnPLG1dIAesIXuQzHnfLERs=
