2,-2,0D+zNexalhjNG0X4PHruioO+mgA=,for1lFdSz7bP1/bDMPIQPdodc3k=
2,-4,0D+zNexalhjNG0X4PHruioO+mgA=,for1lFdSz7bP1/bDMPIQPdodc3k=
2,-1,0D+zNexalhjNG0X4PHruioO+mgA=,for1lFdSz7bP1/bDMPIQPdodc3k=
1,-3,0D+zNexalhjNG0X4PHruioO+mgA=,for1lFdSz7bP1/bDMPIQPdodc3k=
1,-2,0D+zNexalhjNG0X4PHruioO+mgA=,for1lFdSz7bP1/bDMPIQPdodc3k=
3,-1,0D+zNexalhjNG0X4PHruioO+mgA=,for1lFdSz7bP1/bDMPIQPdodc3k=
2,-3,0D+zNexalhjNG0X4PHruioO+mgA=,for1lFdSz7bP1/bDMPIQPdodc3k=
3,-3,0D+zNexalhjNG0X4PHruioO+mgA=,for1lFdSz7bP1/bDMPIQPdodc3k=
1,-4,0D+zNexalhjNG0X4PHruioO+mgA=,for1lFdSz7bP1/bDMPIQPdodc3k=
3,-4,0D+zNexalhjNG0X4PHruioO+mgA=,for1lFdSz7bP1/bDMPIQPdodc3k=
3,-2,0D+zNexalhjNG0X4PHruioO+mgA=,for1lFdSz7bP1/bDMPIQPdodc3k=
0,-3,0D+zNexalhjNG0X4PHruioO+mgA=,for1lFdSz7bP1/bDMPIQPdodc3k=
0,-4,0D+zNexalhjNG0X4PHruioO+mgA=,for1lFdSz7bP1/bDMPIQPdodc3k=
0,-2,0D+zNexalhjNG0X4PHruioO+mgA=,for1lFdSz7bP1/bDMPIQPdodc3k=
1,-1,0D+zNexalhjNG0X4PHruioO+mgA=,for1lFdSz7bP1/bDMPIQPdodc3k=
0,-1,0D+zNexalhjNG0X4PHruioO+mgA=,for1lFdSz7bP1/bDMPIQPdodc3k=
