3,3,pKLMKjIUgsvkLmUJaaiWjvg0RDI=,for1lFdSz7bP1/bDMPIQPdodc3k=
2,0,pKLMKjIUgsvkLmUJaaiWjvg0RDI=,for1lFdSz7bP1/bDMPIQPdodc3k=
3,0,pKLMKjIUgsvkLmUJaaiWjvg0RDI=,for1lFdSz7bP1/bDMPIQPdodc3k=
2,3,pKLMKjIUgsvkLmUJaaiWjvg0RDI=,for1lFdSz7bP1/bDMPIQPdodc3k=
2,1,pKLMKjIUgsvkLmUJaaiWjvg0RDI=,for1lFdSz7bP1/bDMPIQPdodc3k=
1,3,pKLMKjIUgsvkLmUJaaiWjvg0RDI=,for1lFdSz7bP1/bDMPIQPdodc3k=
2,2,pKLMKjIUgsvkLmUJaaiWjvg0RDI=,for1lFdSz7bP1/bDMPIQPdodc3k=
0,2,KZDh0eUJdRX1zf9gu5HzdkIua/s=,for1lFdSz7bP1/bDMPIQPdodc3k=
3,2,pKLMKjIUgsvkLmUJaaiWjvg0RDI=,for1lFdSz7bP1/bDMPIQPdodc3k=
0,3,pKLMKjIUgsvkLmUJaaiWjvg0RDI=,for1lFdSz7bP1/bDMPIQPdodc3k=
3,1,pKLMKjIUgsvkLmUJaaiWjvg0RDI=,for1lFdSz7bP1/bDMPIQPdodc3k=
1,2,KZDh0eUJdRX1zf9gu5HzdkIua/s=,for1lFdSz7bP1/bDMPIQPdodc3k=
1,1,KZDh0eUJdRX1zf9gu5HzdkIua/s=,for1lFdSz7bP1/bDMPIQPdodc3k=
0,1,KZDh0eUJdRX1zf9gu5HzdkIua/s=,for1lFdSz7bP1/bDMPIQPdodc3k=
1,0,KZDh0eUJdRX1zf9gu5HzdkIua/s=,for1lFdSz7bP1/bDMPIQPdodc3k=
0,0,KZDh0eUJdRX1zf9gu5HzdkIua/s=,for1lFdSz7bP1/bDMPIQPdodc3k=
