-90,19,El7uUTHVwLZ5FEFOIKyfYV/bCaY=,ZF3pbuooStx3o3GZi/3X4Fdw6Gg=
-94,18,El7uUTHVwLZ5FEFOIKyfYV/bCaY=,ZF3pbuooStx3o3GZi/3X4Fdw6Gg=
-91,19,El7uUTHVwLZ5FEFOIKyfYV/bCaY=,ZF3pbuooStx3o3GZi/3X4Fdw6Gg=
-93,20,El7uUTHVwLZ5FEFOIKyfYV/bCaY=,ZF3pbuooStx3o3GZi/3X4Fdw6Gg=
-92,22,El7uUTHVwLZ5FEFOIKyfYV/bCaY=,ZF3pbuooStx3o3GZi/3X4Fdw6Gg=
-91,22,El7uUTHVwLZ5FEFOIKyfYV/bCaY=,ZF3pbuooStx3o3GZi/3X4Fdw6Gg=
-91,20,El7uUTHVwLZ5FEFOIKyfYV/bCaY=,ZF3pbuooStx3o3GZi/3X4Fdw6Gg=
-92,20,El7uUTHVwLZ5FEFOIKyfYV/bCaY=,ZF3pbuooStx3o3GZi/3X4Fdw6Gg=
-94,20,El7uUTHVwLZ5FEFOIKyfYV/bCaY=,ZF3pbuooStx3o3GZi/3X4Fdw6Gg=
-90,22,El7uUTHVwLZ5FEFOIKyfYV/bCaY=,ZF3pbuooStx3o3GZi/3X4Fdw6Gg=
-93,19,El7uUTHVwLZ5FEFOIKyfYV/bCaY=,ZF3pbuooStx3o3GZi/3X4Fdw6Gg=
-89,22,El7uUTHVwLZ5FEFOIKyfYV/bCaY=,ZF3pbuooStx3o3GZi/3X4Fdw6Gg=
-95,20,El7uUTHVwLZ5FEFOIKyfYV/bCaY=,ZF3pbuooStx3o3GZi/3X4Fdw6Gg=
-91,21,El7uUTHVwLZ5FEFOIKyfYV/bCaY=,ZF3pbuooStx3o3GZi/3X4Fdw6Gg=
-93,21,El7uUTHVwLZ5FEFOIKyfYV/bCaY=,ZF3pbuooStx3o3GZi/3X4Fdw6Gg=
-92,21,El7uUTHVwLZ5FEFOIKyfYV/bCaY=,ZF3pbuooStx3o3GZi/3X4Fdw6Gg=
-93,18,El7uUTHVwLZ5FEFOIKyfYV/bCaY=,ZF3pbuooStx3o3GZi/3X4Fdw6Gg=
-84,22,pZOqw5k24hq+qftdMMxvYWNEhLs=,3w//nHOPZgPR5ycRQHf8q03KIJc=
-92,19,El7uUTHVwLZ5FEFOIKyfYV/bCaY=,ZF3pbuooStx3o3GZi/3X4Fdw6Gg=
-83,22,pZOqw5k24hq+qftdMMxvYWNEhLs=,3w//nHOPZgPR5ycRQHf8q03KIJc=
-95,22,El7uUTHVwLZ5FEFOIKyfYV/bCaY=,ZF3pbuooStx3o3GZi/3X4Fdw6Gg=
-93,22,El7uUTHVwLZ5FEFOIKyfYV/bCaY=,ZF3pbuooStx3o3GZi/3X4Fdw6Gg=
-95,17,El7uUTHVwLZ5FEFOIKyfYV/bCaY=,ZF3pbuooStx3o3GZi/3X4Fdw6Gg=
-86,22,pZOqw5k24hq+qftdMMxvYWNEhLs=,3w//nHOPZgPR5ycRQHf8q03KIJc=
-85,22,pZOqw5k24hq+qftdMMxvYWNEhLs=,3w//nHOPZgPR5ycRQHf8q03KIJc=
-95,18,El7uUTHVwLZ5FEFOIKyfYV/bCaY=,ZF3pbuooStx3o3GZi/3X4Fdw6Gg=
-82,22,pZOqw5k24hq+qftdMMxvYWNEhLs=,3w//nHOPZgPR5ycRQHf8q03KIJc=
-94,22,El7uUTHVwLZ5FEFOIKyfYV/bCaY=,ZF3pbuooStx3o3GZi/3X4Fdw6Gg=
-94,17,El7uUTHVwLZ5FEFOIKyfYV/bCaY=,ZF3pbuooStx3o3GZi/3X4Fdw6Gg=
-90,23,El7uUTHVwLZ5FEFOIKyfYV/bCaY=,ZF3pbuooStx3o3GZi/3X4Fdw6Gg=
-94,19,El7uUTHVwLZ5FEFOIKyfYV/bCaY=,ZF3pbuooStx3o3GZi/3X4Fdw6Gg=
-90,21,El7uUTHVwLZ5FEFOIKyfYV/bCaY=,ZF3pbuooStx3o3GZi/3X4Fdw6Gg=
-89,19,El7uUTHVwLZ5FEFOIKyfYV/bCaY=,ZF3pbuooStx3o3GZi/3X4Fdw6Gg=
-87,22,pZOqw5k24hq+qftdMMxvYWNEhLs=,3w//nHOPZgPR5ycRQHf8q03KIJc=
-81,22,pZOqw5k24hq+qftdMMxvYWNEhLs=,3w//nHOPZgPR5ycRQHf8q03KIJc=
-95,25,El7uUTHVwLZ5FEFOIKyfYV/bCaY=,BYx0cgh63Ok/TQdlMDQaqUniYwc=
-95,21,El7uUTHVwLZ5FEFOIKyfYV/bCaY=,ZF3pbuooStx3o3GZi/3X4Fdw6Gg=
-91,23,El7uUTHVwLZ5FEFOIKyfYV/bCaY=,ZF3pbuooStx3o3GZi/3X4Fdw6Gg=
-88,22,pZOqw5k24hq+qftdMMxvYWNEhLs=,3w//nHOPZgPR5ycRQHf8q03KIJc=
-95,19,El7uUTHVwLZ5FEFOIKyfYV/bCaY=,ZF3pbuooStx3o3GZi/3X4Fdw6Gg=
-93,17,El7uUTHVwLZ5FEFOIKyfYV/bCaY=,ZF3pbuooStx3o3GZi/3X4Fdw6Gg=
-88,17,pZOqw5k24hq+qftdMMxvYWNEhLs=,3w//nHOPZgPR5ycRQHf8q03KIJc=
-92,17,El7uUTHVwLZ5FEFOIKyfYV/bCaY=,ZF3pbuooStx3o3GZi/3X4Fdw6Gg=
-90,17,El7uUTHVwLZ5FEFOIKyfYV/bCaY=,ZF3pbuooStx3o3GZi/3X4Fdw6Gg=
-86,21,pZOqw5k24hq+qftdMMxvYWNEhLs=,3w//nHOPZgPR5ycRQHf8q03KIJc=
-81,21,pZOqw5k24hq+qftdMMxvYWNEhLs=,3w//nHOPZgPR5ycRQHf8q03KIJc=
-85,21,pZOqw5k24hq+qftdMMxvYWNEhLs=,3w//nHOPZgPR5ycRQHf8q03KIJc=
-94,21,El7uUTHVwLZ5FEFOIKyfYV/bCaY=,ZF3pbuooStx3o3GZi/3X4Fdw6Gg=
-91,18,El7uUTHVwLZ5FEFOIKyfYV/bCaY=,ZF3pbuooStx3o3GZi/3X4Fdw6Gg=
-94,25,El7uUTHVwLZ5FEFOIKyfYV/bCaY=,BYx0cgh63Ok/TQdlMDQaqUniYwc=
-92,18,El7uUTHVwLZ5FEFOIKyfYV/bCaY=,ZF3pbuooStx3o3GZi/3X4Fdw6Gg=
-82,21,pZOqw5k24hq+qftdMMxvYWNEhLs=,3w//nHOPZgPR5ycRQHf8q03KIJc=
-90,18,El7uUTHVwLZ5FEFOIKyfYV/bCaY=,ZF3pbuooStx3o3GZi/3X4Fdw6Gg=
-81,20,pZOqw5k24hq+qftdMMxvYWNEhLs=,3w//nHOPZgPR5ycRQHf8q03KIJc=
-95,23,El7uUTHVwLZ5FEFOIKyfYV/bCaY=,ZF3pbuooStx3o3GZi/3X4Fdw6Gg=
-90,24,El7uUTHVwLZ5FEFOIKyfYV/bCaY=,BYx0cgh63Ok/TQdlMDQaqUniYwc=
-87,17,pZOqw5k24hq+qftdMMxvYWNEhLs=,3w//nHOPZgPR5ycRQHf8q03KIJc=
-92,23,El7uUTHVwLZ5FEFOIKyfYV/bCaY=,ZF3pbuooStx3o3GZi/3X4Fdw6Gg=
-87,21,pZOqw5k24hq+qftdMMxvYWNEhLs=,3w//nHOPZgPR5ycRQHf8q03KIJc=
-92,30,El7uUTHVwLZ5FEFOIKyfYV/bCaY=,BYx0cgh63Ok/TQdlMDQaqUniYwc=
-88,21,pZOqw5k24hq+qftdMMxvYWNEhLs=,3w//nHOPZgPR5ycRQHf8q03KIJc=
-91,24,El7uUTHVwLZ5FEFOIKyfYV/bCaY=,BYx0cgh63Ok/TQdlMDQaqUniYwc=
-93,24,El7uUTHVwLZ5FEFOIKyfYV/bCaY=,BYx0cgh63Ok/TQdlMDQaqUniYwc=
-91,30,El7uUTHVwLZ5FEFOIKyfYV/bCaY=,BYx0cgh63Ok/TQdlMDQaqUniYwc=
-92,24,El7uUTHVwLZ5FEFOIKyfYV/bCaY=,BYx0cgh63Ok/TQdlMDQaqUniYwc=
-94,23,El7uUTHVwLZ5FEFOIKyfYV/bCaY=,ZF3pbuooStx3o3GZi/3X4Fdw6Gg=
-93,30,El7uUTHVwLZ5FEFOIKyfYV/bCaY=,BYx0cgh63Ok/TQdlMDQaqUniYwc=
-86,17,pZOqw5k24hq+qftdMMxvYWNEhLs=,3w//nHOPZgPR5ycRQHf8q03KIJc=
-91,17,El7uUTHVwLZ5FEFOIKyfYV/bCaY=,ZF3pbuooStx3o3GZi/3X4Fdw6Gg=
-82,20,pZOqw5k24hq+qftdMMxvYWNEhLs=,3w//nHOPZgPR5ycRQHf8q03KIJc=
-83,21,pZOqw5k24hq+qftdMMxvYWNEhLs=,3w//nHOPZgPR5ycRQHf8q03KIJc=
-90,20,El7uUTHVwLZ5FEFOIKyfYV/bCaY=,ZF3pbuooStx3o3GZi/3X4Fdw6Gg=
-90,30,El7uUTHVwLZ5FEFOIKyfYV/bCaY=,BYx0cgh63Ok/TQdlMDQaqUniYwc=
-84,20,pZOqw5k24hq+qftdMMxvYWNEhLs=,3w//nHOPZgPR5ycRQHf8q03KIJc=
-82,17,pZOqw5k24hq+qftdMMxvYWNEhLs=,3w//nHOPZgPR5ycRQHf8q03KIJc=
-84,21,pZOqw5k24hq+qftdMMxvYWNEhLs=,3w//nHOPZgPR5ycRQHf8q03KIJc=
-88,20,pZOqw5k24hq+qftdMMxvYWNEhLs=,3w//nHOPZgPR5ycRQHf8q03KIJc=
-86,20,pZOqw5k24hq+qftdMMxvYWNEhLs=,3w//nHOPZgPR5ycRQHf8q03KIJc=
-83,19,pZOqw5k24hq+qftdMMxvYWNEhLs=,3w//nHOPZgPR5ycRQHf8q03KIJc=
-85,20,pZOqw5k24hq+qftdMMxvYWNEhLs=,3w//nHOPZgPR5ycRQHf8q03KIJc=
-83,17,pZOqw5k24hq+qftdMMxvYWNEhLs=,3w//nHOPZgPR5ycRQHf8q03KIJc=
-93,25,El7uUTHVwLZ5FEFOIKyfYV/bCaY=,BYx0cgh63Ok/TQdlMDQaqUniYwc=
-83,20,pZOqw5k24hq+qftdMMxvYWNEhLs=,3w//nHOPZgPR5ycRQHf8q03KIJc=
-81,19,pZOqw5k24hq+qftdMMxvYWNEhLs=,3w//nHOPZgPR5ycRQHf8q03KIJc=
-87,20,pZOqw5k24hq+qftdMMxvYWNEhLs=,3w//nHOPZgPR5ycRQHf8q03KIJc=
-81,17,pZOqw5k24hq+qftdMMxvYWNEhLs=,3w//nHOPZgPR5ycRQHf8q03KIJc=
-82,19,pZOqw5k24hq+qftdMMxvYWNEhLs=,3w//nHOPZgPR5ycRQHf8q03KIJc=
-94,30,El7uUTHVwLZ5FEFOIKyfYV/bCaY=,BYx0cgh63Ok/TQdlMDQaqUniYwc=
-84,17,pZOqw5k24hq+qftdMMxvYWNEhLs=,3w//nHOPZgPR5ycRQHf8q03KIJc=
-95,30,El7uUTHVwLZ5FEFOIKyfYV/bCaY=,BYx0cgh63Ok/TQdlMDQaqUniYwc=
-85,17,pZOqw5k24hq+qftdMMxvYWNEhLs=,3w//nHOPZgPR5ycRQHf8q03KIJc=
-84,19,pZOqw5k24hq+qftdMMxvYWNEhLs=,3w//nHOPZgPR5ycRQHf8q03KIJc=
-89,20,El7uUTHVwLZ5FEFOIKyfYV/bCaY=,ZF3pbuooStx3o3GZi/3X4Fdw6Gg=
-89,18,El7uUTHVwLZ5FEFOIKyfYV/bCaY=,ZF3pbuooStx3o3GZi/3X4Fdw6Gg=
-93,23,El7uUTHVwLZ5FEFOIKyfYV/bCaY=,ZF3pbuooStx3o3GZi/3X4Fdw6Gg=
-92,25,El7uUTHVwLZ5FEFOIKyfYV/bCaY=,BYx0cgh63Ok/TQdlMDQaqUniYwc=
-85,19,pZOqw5k24hq+qftdMMxvYWNEhLs=,3w//nHOPZgPR5ycRQHf8q03KIJc=
-94,26,El7uUTHVwLZ5FEFOIKyfYV/bCaY=,BYx0cgh63Ok/TQdlMDQaqUniYwc=
-90,25,El7uUTHVwLZ5FEFOIKyfYV/bCaY=,BYx0cgh63Ok/TQdlMDQaqUniYwc=
-93,26,El7uUTHVwLZ5FEFOIKyfYV/bCaY=,BYx0cgh63Ok/TQdlMDQaqUniYwc=
-95,26,El7uUTHVwLZ5FEFOIKyfYV/bCaY=,BYx0cgh63Ok/TQdlMDQaqUniYwc=
-91,25,El7uUTHVwLZ5FEFOIKyfYV/bCaY=,BYx0cgh63Ok/TQdlMDQaqUniYwc=
-92,26,El7uUTHVwLZ5FEFOIKyfYV/bCaY=,BYx0cgh63Ok/TQdlMDQaqUniYwc=
-90,26,El7uUTHVwLZ5FEFOIKyfYV/bCaY=,BYx0cgh63Ok/TQdlMDQaqUniYwc=
-95,27,El7uUTHVwLZ5FEFOIKyfYV/bCaY=,BYx0cgh63Ok/TQdlMDQaqUniYwc=
-91,26,El7uUTHVwLZ5FEFOIKyfYV/bCaY=,BYx0cgh63Ok/TQdlMDQaqUniYwc=
-89,21,El7uUTHVwLZ5FEFOIKyfYV/bCaY=,ZF3pbuooStx3o3GZi/3X4Fdw6Gg=
-90,29,El7uUTHVwLZ5FEFOIKyfYV/bCaY=,BYx0cgh63Ok/TQdlMDQaqUniYwc=
-94,27,El7uUTHVwLZ5FEFOIKyfYV/bCaY=,BYx0cgh63Ok/TQdlMDQaqUniYwc=
-93,27,El7uUTHVwLZ5FEFOIKyfYV/bCaY=,BYx0cgh63Ok/TQdlMDQaqUniYwc=
-89,17,El7uUTHVwLZ5FEFOIKyfYV/bCaY=,ZF3pbuooStx3o3GZi/3X4Fdw6Gg=
-92,29,El7uUTHVwLZ5FEFOIKyfYV/bCaY=,BYx0cgh63Ok/TQdlMDQaqUniYwc=
-86,19,pZOqw5k24hq+qftdMMxvYWNEhLs=,3w//nHOPZgPR5ycRQHf8q03KIJc=
-87,19,pZOqw5k24hq+qftdMMxvYWNEhLs=,3w//nHOPZgPR5ycRQHf8q03KIJc=
-91,29,El7uUTHVwLZ5FEFOIKyfYV/bCaY=,BYx0cgh63Ok/TQdlMDQaqUniYwc=
-88,19,pZOqw5k24hq+qftdMMxvYWNEhLs=,3w//nHOPZgPR5ycRQHf8q03KIJc=
-95,24,El7uUTHVwLZ5FEFOIKyfYV/bCaY=,BYx0cgh63Ok/TQdlMDQaqUniYwc=
-95,29,El7uUTHVwLZ5FEFOIKyfYV/bCaY=,BYx0cgh63Ok/TQdlMDQaqUniYwc=
-81,18,pZOqw5k24hq+qftdMMxvYWNEhLs=,3w//nHOPZgPR5ycRQHf8q03KIJc=
-94,24,El7uUTHVwLZ5FEFOIKyfYV/bCaY=,BYx0cgh63Ok/TQdlMDQaqUniYwc=
-82,18,pZOqw5k24hq+qftdMMxvYWNEhLs=,3w//nHOPZgPR5ycRQHf8q03KIJc=
-83,18,pZOqw5k24hq+qftdMMxvYWNEhLs=,3w//nHOPZgPR5ycRQHf8q03KIJc=
-93,29,El7uUTHVwLZ5FEFOIKyfYV/bCaY=,BYx0cgh63Ok/TQdlMDQaqUniYwc=
-94,29,El7uUTHVwLZ5FEFOIKyfYV/bCaY=,BYx0cgh63Ok/TQdlMDQaqUniYwc=
-84,18,pZOqw5k24hq+qftdMMxvYWNEhLs=,3w//nHOPZgPR5ycRQHf8q03KIJc=
-92,28,El7uUTHVwLZ5FEFOIKyfYV/bCaY=,BYx0cgh63Ok/TQdlMDQaqUniYwc=
-85,18,pZOqw5k24hq+qftdMMxvYWNEhLs=,3w//nHOPZgPR5ycRQHf8q03KIJc=
-86,18,pZOqw5k24hq+qftdMMxvYWNEhLs=,3w//nHOPZgPR5ycRQHf8q03KIJc=
-90,28,El7uUTHVwLZ5FEFOIKyfYV/bCaY=,BYx0cgh63Ok/TQdlMDQaqUniYwc=
-87,18,pZOqw5k24hq+qftdMMxvYWNEhLs=,3w//nHOPZgPR5ycRQHf8q03KIJc=
-93,28,El7uUTHVwLZ5FEFOIKyfYV/bCaY=,BYx0cgh63Ok/TQdlMDQaqUniYwc=
-91,28,El7uUTHVwLZ5FEFOIKyfYV/bCaY=,BYx0cgh63Ok/TQdlMDQaqUniYwc=
-88,18,pZOqw5k24hq+qftdMMxvYWNEhLs=,3w//nHOPZgPR5ycRQHf8q03KIJc=
-92,27,El7uUTHVwLZ5FEFOIKyfYV/bCaY=,BYx0cgh63Ok/TQdlMDQaqUniYwc=
-95,31,El7uUTHVwLZ5FEFOIKyfYV/bCaY=,BYx0cgh63Ok/TQdlMDQaqUniYwc=
-94,31,El7uUTHVwLZ5FEFOIKyfYV/bCaY=,BYx0cgh63Ok/TQdlMDQaqUniYwc=
-95,28,El7uUTHVwLZ5FEFOIKyfYV/bCaY=,BYx0cgh63Ok/TQdlMDQaqUniYwc=
-91,27,El7uUTHVwLZ5FEFOIKyfYV/bCaY=,BYx0cgh63Ok/TQdlMDQaqUniYwc=
-93,31,El7uUTHVwLZ5FEFOIKyfYV/bCaY=,BYx0cgh63Ok/TQdlMDQaqUniYwc=
-92,31,El7uUTHVwLZ5FEFOIKyfYV/bCaY=,BYx0cgh63Ok/TQdlMDQaqUniYwc=
-90,27,El7uUTHVwLZ5FEFOIKyfYV/bCaY=,BYx0cgh63Ok/TQdlMDQaqUniYwc=
-91,31,El7uUTHVwLZ5FEFOIKyfYV/bCaY=,BYx0cgh63Ok/TQdlMDQaqUniYwc=
-94,28,El7uUTHVwLZ5FEFOIKyfYV/bCaY=,BYx0cgh63Ok/TQdlMDQaqUniYwc=
-90,31,El7uUTHVwLZ5FEFOIKyfYV/bCaY=,BYx0cgh63Ok/TQdlMDQaqUniYwc=
-94,16,kqiEfYMgLbRfLulnJIy53IIg8dg=,ZF3pbuooStx3o3GZi/3X4Fdw6Gg=
-93,16,kqiEfYMgLbRfLulnJIy53IIg8dg=,ZF3pbuooStx3o3GZi/3X4Fdw6Gg=
-91,16,kqiEfYMgLbRfLulnJIy53IIg8dg=,ZF3pbuooStx3o3GZi/3X4Fdw6Gg=
-92,16,kqiEfYMgLbRfLulnJIy53IIg8dg=,ZF3pbuooStx3o3GZi/3X4Fdw6Gg=
-90,16,kqiEfYMgLbRfLulnJIy53IIg8dg=,ZF3pbuooStx3o3GZi/3X4Fdw6Gg=
-88,16,pZOqw5k24hq+qftdMMxvYWNEhLs=,3w//nHOPZgPR5ycRQHf8q03KIJc=
-82,16,pZOqw5k24hq+qftdMMxvYWNEhLs=,3w//nHOPZgPR5ycRQHf8q03KIJc=
-89,16,kqiEfYMgLbRfLulnJIy53IIg8dg=,ZF3pbuooStx3o3GZi/3X4Fdw6Gg=
-86,16,pZOqw5k24hq+qftdMMxvYWNEhLs=,3w//nHOPZgPR5ycRQHf8q03KIJc=
-84,16,pZOqw5k24hq+qftdMMxvYWNEhLs=,3w//nHOPZgPR5ycRQHf8q03KIJc=
-85,16,pZOqw5k24hq+qftdMMxvYWNEhLs=,3w//nHOPZgPR5ycRQHf8q03KIJc=
-83,16,pZOqw5k24hq+qftdMMxvYWNEhLs=,3w//nHOPZgPR5ycRQHf8q03KIJc=
-95,16,kqiEfYMgLbRfLulnJIy53IIg8dg=,ZF3pbuooStx3o3GZi/3X4Fdw6Gg=
-96,17,kqiEfYMgLbRfLulnJIy53IIg8dg=,ZF3pbuooStx3o3GZi/3X4Fdw6Gg=
-81,16,pZOqw5k24hq+qftdMMxvYWNEhLs=,3w//nHOPZgPR5ycRQHf8q03KIJc=
-87,16,pZOqw5k24hq+qftdMMxvYWNEhLs=,3w//nHOPZgPR5ycRQHf8q03KIJc=
-96,19,kqiEfYMgLbRfLulnJIy53IIg8dg=,ZF3pbuooStx3o3GZi/3X4Fdw6Gg=
-96,18,kqiEfYMgLbRfLulnJIy53IIg8dg=,ZF3pbuooStx3o3GZi/3X4Fdw6Gg=
-96,20,kqiEfYMgLbRfLulnJIy53IIg8dg=,ZF3pbuooStx3o3GZi/3X4Fdw6Gg=
-96,22,kqiEfYMgLbRfLulnJIy53IIg8dg=,ZF3pbuooStx3o3GZi/3X4Fdw6Gg=
-96,31,kqiEfYMgLbRfLulnJIy53IIg8dg=,BYx0cgh63Ok/TQdlMDQaqUniYwc=
-96,30,kqiEfYMgLbRfLulnJIy53IIg8dg=,BYx0cgh63Ok/TQdlMDQaqUniYwc=
-96,24,kqiEfYMgLbRfLulnJIy53IIg8dg=,BYx0cgh63Ok/TQdlMDQaqUniYwc=
-96,23,kqiEfYMgLbRfLulnJIy53IIg8dg=,ZF3pbuooStx3o3GZi/3X4Fdw6Gg=
-96,25,kqiEfYMgLbRfLulnJIy53IIg8dg=,BYx0cgh63Ok/TQdlMDQaqUniYwc=
-96,28,kqiEfYMgLbRfLulnJIy53IIg8dg=,BYx0cgh63Ok/TQdlMDQaqUniYwc=
-96,16,kqiEfYMgLbRfLulnJIy53IIg8dg=,ZF3pbuooStx3o3GZi/3X4Fdw6Gg=
-96,21,kqiEfYMgLbRfLulnJIy53IIg8dg=,ZF3pbuooStx3o3GZi/3X4Fdw6Gg=
-96,29,kqiEfYMgLbRfLulnJIy53IIg8dg=,BYx0cgh63Ok/TQdlMDQaqUniYwc=
-96,27,kqiEfYMgLbRfLulnJIy53IIg8dg=,BYx0cgh63Ok/TQdlMDQaqUniYwc=
-96,26,kqiEfYMgLbRfLulnJIy53IIg8dg=,BYx0cgh63Ok/TQdlMDQaqUniYwc=
-87,25,g7ROF7ihdnjy1m+E2eVEYvlFcx8=,3w//nHOPZgPR5ycRQHf8q03KIJc=
-86,24,g7ROF7ihdnjy1m+E2eVEYvlFcx8=,3w//nHOPZgPR5ycRQHf8q03KIJc=
-88,31,g7ROF7ihdnjy1m+E2eVEYvlFcx8=,3w//nHOPZgPR5ycRQHf8q03KIJc=
-89,31,kqiEfYMgLbRfLulnJIy53IIg8dg=,BYx0cgh63Ok/TQdlMDQaqUniYwc=
-89,30,kqiEfYMgLbRfLulnJIy53IIg8dg=,BYx0cgh63Ok/TQdlMDQaqUniYwc=
-88,24,g7ROF7ihdnjy1m+E2eVEYvlFcx8=,3w//nHOPZgPR5ycRQHf8q03KIJc=
-89,25,kqiEfYMgLbRfLulnJIy53IIg8dg=,BYx0cgh63Ok/TQdlMDQaqUniYwc=
-88,26,g7ROF7ihdnjy1m+E2eVEYvlFcx8=,3w//nHOPZgPR5ycRQHf8q03KIJc=
-88,23,g7ROF7ihdnjy1m+E2eVEYvlFcx8=,3w//nHOPZgPR5ycRQHf8q03KIJc=
-89,24,kqiEfYMgLbRfLulnJIy53IIg8dg=,BYx0cgh63Ok/TQdlMDQaqUniYwc=
-87,24,g7ROF7ihdnjy1m+E2eVEYvlFcx8=,3w//nHOPZgPR5ycRQHf8q03KIJc=
-88,25,g7ROF7ihdnjy1m+E2eVEYvlFcx8=,3w//nHOPZgPR5ycRQHf8q03KIJc=
-89,26,kqiEfYMgLbRfLulnJIy53IIg8dg=,BYx0cgh63Ok/TQdlMDQaqUniYwc=
-88,30,g7ROF7ihdnjy1m+E2eVEYvlFcx8=,3w//nHOPZgPR5ycRQHf8q03KIJc=
-89,23,kqiEfYMgLbRfLulnJIy53IIg8dg=,ZF3pbuooStx3o3GZi/3X4Fdw6Gg=
-89,29,kqiEfYMgLbRfLulnJIy53IIg8dg=,BYx0cgh63Ok/TQdlMDQaqUniYwc=
-86,25,g7ROF7ihdnjy1m+E2eVEYvlFcx8=,3w//nHOPZgPR5ycRQHf8q03KIJc=
-87,26,g7ROF7ihdnjy1m+E2eVEYvlFcx8=,3w//nHOPZgPR5ycRQHf8q03KIJc=
-83,24,g7ROF7ihdnjy1m+E2eVEYvlFcx8=,3w//nHOPZgPR5ycRQHf8q03KIJc=
-83,31,g7ROF7ihdnjy1m+E2eVEYvlFcx8=,3w//nHOPZgPR5ycRQHf8q03KIJc=
-87,30,g7ROF7ihdnjy1m+E2eVEYvlFcx8=,3w//nHOPZgPR5ycRQHf8q03KIJc=
-88,29,g7ROF7ihdnjy1m+E2eVEYvlFcx8=,3w//nHOPZgPR5ycRQHf8q03KIJc=
-84,30,g7ROF7ihdnjy1m+E2eVEYvlFcx8=,3w//nHOPZgPR5ycRQHf8q03KIJc=
-86,30,g7ROF7ihdnjy1m+E2eVEYvlFcx8=,3w//nHOPZgPR5ycRQHf8q03KIJc=
-86,31,g7ROF7ihdnjy1m+E2eVEYvlFcx8=,3w//nHOPZgPR5ycRQHf8q03KIJc=
-84,24,g7ROF7ihdnjy1m+E2eVEYvlFcx8=,3w//nHOPZgPR5ycRQHf8q03KIJc=
-81,31,g7ROF7ihdnjy1m+E2eVEYvlFcx8=,3w//nHOPZgPR5ycRQHf8q03KIJc=
-87,29,g7ROF7ihdnjy1m+E2eVEYvlFcx8=,3w//nHOPZgPR5ycRQHf8q03KIJc=
-87,31,g7ROF7ihdnjy1m+E2eVEYvlFcx8=,3w//nHOPZgPR5ycRQHf8q03KIJc=
-85,31,g7ROF7ihdnjy1m+E2eVEYvlFcx8=,3w//nHOPZgPR5ycRQHf8q03KIJc=
-82,24,g7ROF7ihdnjy1m+E2eVEYvlFcx8=,3w//nHOPZgPR5ycRQHf8q03KIJc=
-86,26,g7ROF7ihdnjy1m+E2eVEYvlFcx8=,3w//nHOPZgPR5ycRQHf8q03KIJc=
-84,29,g7ROF7ihdnjy1m+E2eVEYvlFcx8=,3w//nHOPZgPR5ycRQHf8q03KIJc=
-84,25,g7ROF7ihdnjy1m+E2eVEYvlFcx8=,3w//nHOPZgPR5ycRQHf8q03KIJc=
-86,29,g7ROF7ihdnjy1m+E2eVEYvlFcx8=,3w//nHOPZgPR5ycRQHf8q03KIJc=
-88,28,g7ROF7ihdnjy1m+E2eVEYvlFcx8=,3w//nHOPZgPR5ycRQHf8q03KIJc=
-82,31,g7ROF7ihdnjy1m+E2eVEYvlFcx8=,3w//nHOPZgPR5ycRQHf8q03KIJc=
-85,29,g7ROF7ihdnjy1m+E2eVEYvlFcx8=,3w//nHOPZgPR5ycRQHf8q03KIJc=
-81,29,g7ROF7ihdnjy1m+E2eVEYvlFcx8=,3w//nHOPZgPR5ycRQHf8q03KIJc=
-81,23,g7ROF7ihdnjy1m+E2eVEYvlFcx8=,3w//nHOPZgPR5ycRQHf8q03KIJc=
-82,23,g7ROF7ihdnjy1m+E2eVEYvlFcx8=,3w//nHOPZgPR5ycRQHf8q03KIJc=
-84,31,g7ROF7ihdnjy1m+E2eVEYvlFcx8=,3w//nHOPZgPR5ycRQHf8q03KIJc=
-85,24,g7ROF7ihdnjy1m+E2eVEYvlFcx8=,3w//nHOPZgPR5ycRQHf8q03KIJc=
-89,28,kqiEfYMgLbRfLulnJIy53IIg8dg=,BYx0cgh63Ok/TQdlMDQaqUniYwc=
-83,25,g7ROF7ihdnjy1m+E2eVEYvlFcx8=,3w//nHOPZgPR5ycRQHf8q03KIJc=
-81,24,g7ROF7ihdnjy1m+E2eVEYvlFcx8=,3w//nHOPZgPR5ycRQHf8q03KIJc=
-83,23,g7ROF7ihdnjy1m+E2eVEYvlFcx8=,3w//nHOPZgPR5ycRQHf8q03KIJc=
-84,27,g7ROF7ihdnjy1m+E2eVEYvlFcx8=,3w//nHOPZgPR5ycRQHf8q03KIJc=
-81,25,g7ROF7ihdnjy1m+E2eVEYvlFcx8=,3w//nHOPZgPR5ycRQHf8q03KIJc=
-81,28,g7ROF7ihdnjy1m+E2eVEYvlFcx8=,3w//nHOPZgPR5ycRQHf8q03KIJc=
-87,28,g7ROF7ihdnjy1m+E2eVEYvlFcx8=,3w//nHOPZgPR5ycRQHf8q03KIJc=
-85,25,g7ROF7ihdnjy1m+E2eVEYvlFcx8=,3w//nHOPZgPR5ycRQHf8q03KIJc=
-84,23,g7ROF7ihdnjy1m+E2eVEYvlFcx8=,3w//nHOPZgPR5ycRQHf8q03KIJc=
-82,25,g7ROF7ihdnjy1m+E2eVEYvlFcx8=,3w//nHOPZgPR5ycRQHf8q03KIJc=
-81,27,g7ROF7ihdnjy1m+E2eVEYvlFcx8=,3w//nHOPZgPR5ycRQHf8q03KIJc=
-84,28,g7ROF7ihdnjy1m+E2eVEYvlFcx8=,3w//nHOPZgPR5ycRQHf8q03KIJc=
-85,30,g7ROF7ihdnjy1m+E2eVEYvlFcx8=,3w//nHOPZgPR5ycRQHf8q03KIJc=
-83,30,g7ROF7ihdnjy1m+E2eVEYvlFcx8=,3w//nHOPZgPR5ycRQHf8q03KIJc=
-86,28,g7ROF7ihdnjy1m+E2eVEYvlFcx8=,3w//nHOPZgPR5ycRQHf8q03KIJc=
-85,28,g7ROF7ihdnjy1m+E2eVEYvlFcx8=,3w//nHOPZgPR5ycRQHf8q03KIJc=
-85,26,g7ROF7ihdnjy1m+E2eVEYvlFcx8=,3w//nHOPZgPR5ycRQHf8q03KIJc=
-87,23,g7ROF7ihdnjy1m+E2eVEYvlFcx8=,3w//nHOPZgPR5ycRQHf8q03KIJc=
-86,23,g7ROF7ihdnjy1m+E2eVEYvlFcx8=,3w//nHOPZgPR5ycRQHf8q03KIJc=
-89,27,kqiEfYMgLbRfLulnJIy53IIg8dg=,BYx0cgh63Ok/TQdlMDQaqUniYwc=
-88,27,g7ROF7ihdnjy1m+E2eVEYvlFcx8=,3w//nHOPZgPR5ycRQHf8q03KIJc=
-85,23,g7ROF7ihdnjy1m+E2eVEYvlFcx8=,3w//nHOPZgPR5ycRQHf8q03KIJc=
-82,27,g7ROF7ihdnjy1m+E2eVEYvlFcx8=,3w//nHOPZgPR5ycRQHf8q03KIJc=
-87,27,g7ROF7ihdnjy1m+E2eVEYvlFcx8=,3w//nHOPZgPR5ycRQHf8q03KIJc=
-81,30,g7ROF7ihdnjy1m+E2eVEYvlFcx8=,3w//nHOPZgPR5ycRQHf8q03KIJc=
-82,28,g7ROF7ihdnjy1m+E2eVEYvlFcx8=,3w//nHOPZgPR5ycRQHf8q03KIJc=
-84,26,g7ROF7ihdnjy1m+E2eVEYvlFcx8=,3w//nHOPZgPR5ycRQHf8q03KIJc=
-86,27,g7ROF7ihdnjy1m+E2eVEYvlFcx8=,3w//nHOPZgPR5ycRQHf8q03KIJc=
-85,27,g7ROF7ihdnjy1m+E2eVEYvlFcx8=,3w//nHOPZgPR5ycRQHf8q03KIJc=
-82,30,g7ROF7ihdnjy1m+E2eVEYvlFcx8=,3w//nHOPZgPR5ycRQHf8q03KIJc=
-83,29,g7ROF7ihdnjy1m+E2eVEYvlFcx8=,3w//nHOPZgPR5ycRQHf8q03KIJc=
-81,26,g7ROF7ihdnjy1m+E2eVEYvlFcx8=,3w//nHOPZgPR5ycRQHf8q03KIJc=
-83,28,g7ROF7ihdnjy1m+E2eVEYvlFcx8=,3w//nHOPZgPR5ycRQHf8q03KIJc=
-82,26,g7ROF7ihdnjy1m+E2eVEYvlFcx8=,3w//nHOPZgPR5ycRQHf8q03KIJc=
-83,27,g7ROF7ihdnjy1m+E2eVEYvlFcx8=,3w//nHOPZgPR5ycRQHf8q03KIJc=
-82,29,g7ROF7ihdnjy1m+E2eVEYvlFcx8=,3w//nHOPZgPR5ycRQHf8q03KIJc=
-83,26,g7ROF7ihdnjy1m+E2eVEYvlFcx8=,3w//nHOPZgPR5ycRQHf8q03KIJc=
-68,22,rALyBAkzji1NV6bluGZP1kIMivE=,eSoLJaL44nh8tqn9iSU+cRtHKio=
-69,19,mjCwgBGiFFfZrDqpSzffNEZgMbk=,eSoLJaL44nh8tqn9iSU+cRtHKio=
-65,19,rALyBAkzji1NV6bluGZP1kIMivE=,eSoLJaL44nh8tqn9iSU+cRtHKio=
-65,18,rALyBAkzji1NV6bluGZP1kIMivE=,eSoLJaL44nh8tqn9iSU+cRtHKio=
-66,18,mjCwgBGiFFfZrDqpSzffNEZgMbk=,eSoLJaL44nh8tqn9iSU+cRtHKio=
-71,19,mjCwgBGiFFfZrDqpSzffNEZgMbk=,eSoLJaL44nh8tqn9iSU+cRtHKio=
-70,19,mjCwgBGiFFfZrDqpSzffNEZgMbk=,eSoLJaL44nh8tqn9iSU+cRtHKio=
-67,19,mjCwgBGiFFfZrDqpSzffNEZgMbk=,eSoLJaL44nh8tqn9iSU+cRtHKio=
-68,19,mjCwgBGiFFfZrDqpSzffNEZgMbk=,eSoLJaL44nh8tqn9iSU+cRtHKio=
-66,19,mjCwgBGiFFfZrDqpSzffNEZgMbk=,eSoLJaL44nh8tqn9iSU+cRtHKio=
-67,18,mjCwgBGiFFfZrDqpSzffNEZgMbk=,eSoLJaL44nh8tqn9iSU+cRtHKio=
-68,21,0oW9+3kVvbGvMGCOYGuMz+TOoEE=,eSoLJaL44nh8tqn9iSU+cRtHKio=
-71,20,rALyBAkzji1NV6bluGZP1kIMivE=,eSoLJaL44nh8tqn9iSU+cRtHKio=
-67,21,mjCwgBGiFFfZrDqpSzffNEZgMbk=,eSoLJaL44nh8tqn9iSU+cRtHKio=
-68,18,mjCwgBGiFFfZrDqpSzffNEZgMbk=,eSoLJaL44nh8tqn9iSU+cRtHKio=
-66,20,mjCwgBGiFFfZrDqpSzffNEZgMbk=,eSoLJaL44nh8tqn9iSU+cRtHKio=
-65,20,rALyBAkzji1NV6bluGZP1kIMivE=,eSoLJaL44nh8tqn9iSU+cRtHKio=
-70,18,mjCwgBGiFFfZrDqpSzffNEZgMbk=,eSoLJaL44nh8tqn9iSU+cRtHKio=
-67,20,mjCwgBGiFFfZrDqpSzffNEZgMbk=,eSoLJaL44nh8tqn9iSU+cRtHKio=
-71,18,mjCwgBGiFFfZrDqpSzffNEZgMbk=,eSoLJaL44nh8tqn9iSU+cRtHKio=
-70,20,mjCwgBGiFFfZrDqpSzffNEZgMbk=,eSoLJaL44nh8tqn9iSU+cRtHKio=
-67,17,mjCwgBGiFFfZrDqpSzffNEZgMbk=,eSoLJaL44nh8tqn9iSU+cRtHKio=
-68,20,mjCwgBGiFFfZrDqpSzffNEZgMbk=,eSoLJaL44nh8tqn9iSU+cRtHKio=
-65,17,rALyBAkzji1NV6bluGZP1kIMivE=,eSoLJaL44nh8tqn9iSU+cRtHKio=
-69,20,mjCwgBGiFFfZrDqpSzffNEZgMbk=,eSoLJaL44nh8tqn9iSU+cRtHKio=
-66,17,mjCwgBGiFFfZrDqpSzffNEZgMbk=,eSoLJaL44nh8tqn9iSU+cRtHKio=
-69,17,mjCwgBGiFFfZrDqpSzffNEZgMbk=,eSoLJaL44nh8tqn9iSU+cRtHKio=
-68,17,mjCwgBGiFFfZrDqpSzffNEZgMbk=,eSoLJaL44nh8tqn9iSU+cRtHKio=
-69,18,mjCwgBGiFFfZrDqpSzffNEZgMbk=,eSoLJaL44nh8tqn9iSU+cRtHKio=
-70,17,mjCwgBGiFFfZrDqpSzffNEZgMbk=,eSoLJaL44nh8tqn9iSU+cRtHKio=
-67,16,rALyBAkzji1NV6bluGZP1kIMivE=,eSoLJaL44nh8tqn9iSU+cRtHKio=
-69,16,rALyBAkzji1NV6bluGZP1kIMivE=,eSoLJaL44nh8tqn9iSU+cRtHKio=
-66,16,rALyBAkzji1NV6bluGZP1kIMivE=,eSoLJaL44nh8tqn9iSU+cRtHKio=
-71,16,mjCwgBGiFFfZrDqpSzffNEZgMbk=,eSoLJaL44nh8tqn9iSU+cRtHKio=
-70,16,rALyBAkzji1NV6bluGZP1kIMivE=,eSoLJaL44nh8tqn9iSU+cRtHKio=
-71,17,mjCwgBGiFFfZrDqpSzffNEZgMbk=,eSoLJaL44nh8tqn9iSU+cRtHKio=
-68,16,mjCwgBGiFFfZrDqpSzffNEZgMbk=,eSoLJaL44nh8tqn9iSU+cRtHKio=
-72,18,mjCwgBGiFFfZrDqpSzffNEZgMbk=,eSoLJaL44nh8tqn9iSU+cRtHKio=
-73,18,mjCwgBGiFFfZrDqpSzffNEZgMbk=,3w//nHOPZgPR5ycRQHf8q03KIJc=
-78,22,RJ7ja/EwNw0g7NO9Euo7gT5S7LE=,3w//nHOPZgPR5ycRQHf8q03KIJc=
-77,17,RJ7ja/EwNw0g7NO9Euo7gT5S7LE=,3w//nHOPZgPR5ycRQHf8q03KIJc=
-79,21,RJ7ja/EwNw0g7NO9Euo7gT5S7LE=,3w//nHOPZgPR5ycRQHf8q03KIJc=
-72,19,mjCwgBGiFFfZrDqpSzffNEZgMbk=,eSoLJaL44nh8tqn9iSU+cRtHKio=
-76,18,RJ7ja/EwNw0g7NO9Euo7gT5S7LE=,3w//nHOPZgPR5ycRQHf8q03KIJc=
-78,21,RJ7ja/EwNw0g7NO9Euo7gT5S7LE=,3w//nHOPZgPR5ycRQHf8q03KIJc=
-74,18,rALyBAkzji1NV6bluGZP1kIMivE=,3w//nHOPZgPR5ycRQHf8q03KIJc=
-77,21,RJ7ja/EwNw0g7NO9Euo7gT5S7LE=,3w//nHOPZgPR5ycRQHf8q03KIJc=
-76,21,0oW9+3kVvbGvMGCOYGuMz+TOoEE=,3w//nHOPZgPR5ycRQHf8q03KIJc=
-75,18,RJ7ja/EwNw0g7NO9Euo7gT5S7LE=,3w//nHOPZgPR5ycRQHf8q03KIJc=
-79,20,RJ7ja/EwNw0g7NO9Euo7gT5S7LE=,3w//nHOPZgPR5ycRQHf8q03KIJc=
-79,22,RJ7ja/EwNw0g7NO9Euo7gT5S7LE=,3w//nHOPZgPR5ycRQHf8q03KIJc=
-73,17,mjCwgBGiFFfZrDqpSzffNEZgMbk=,3w//nHOPZgPR5ycRQHf8q03KIJc=
-74,17,rALyBAkzji1NV6bluGZP1kIMivE=,3w//nHOPZgPR5ycRQHf8q03KIJc=
-73,19,mjCwgBGiFFfZrDqpSzffNEZgMbk=,3w//nHOPZgPR5ycRQHf8q03KIJc=
-74,19,mjCwgBGiFFfZrDqpSzffNEZgMbk=,3w//nHOPZgPR5ycRQHf8q03KIJc=
-79,17,RJ7ja/EwNw0g7NO9Euo7gT5S7LE=,3w//nHOPZgPR5ycRQHf8q03KIJc=
-77,18,RJ7ja/EwNw0g7NO9Euo7gT5S7LE=,3w//nHOPZgPR5ycRQHf8q03KIJc=
-78,18,RJ7ja/EwNw0g7NO9Euo7gT5S7LE=,3w//nHOPZgPR5ycRQHf8q03KIJc=
-78,17,RJ7ja/EwNw0g7NO9Euo7gT5S7LE=,3w//nHOPZgPR5ycRQHf8q03KIJc=
-76,17,RJ7ja/EwNw0g7NO9Euo7gT5S7LE=,3w//nHOPZgPR5ycRQHf8q03KIJc=
-79,18,RJ7ja/EwNw0g7NO9Euo7gT5S7LE=,3w//nHOPZgPR5ycRQHf8q03KIJc=
-72,17,mjCwgBGiFFfZrDqpSzffNEZgMbk=,eSoLJaL44nh8tqn9iSU+cRtHKio=
-77,19,RJ7ja/EwNw0g7NO9Euo7gT5S7LE=,3w//nHOPZgPR5ycRQHf8q03KIJc=
-78,19,RJ7ja/EwNw0g7NO9Euo7gT5S7LE=,3w//nHOPZgPR5ycRQHf8q03KIJc=
-75,17,RJ7ja/EwNw0g7NO9Euo7gT5S7LE=,3w//nHOPZgPR5ycRQHf8q03KIJc=
-75,19,RJ7ja/EwNw0g7NO9Euo7gT5S7LE=,3w//nHOPZgPR5ycRQHf8q03KIJc=
-77,20,RJ7ja/EwNw0g7NO9Euo7gT5S7LE=,3w//nHOPZgPR5ycRQHf8q03KIJc=
-76,20,RJ7ja/EwNw0g7NO9Euo7gT5S7LE=,3w//nHOPZgPR5ycRQHf8q03KIJc=
-78,20,RJ7ja/EwNw0g7NO9Euo7gT5S7LE=,3w//nHOPZgPR5ycRQHf8q03KIJc=
-79,19,RJ7ja/EwNw0g7NO9Euo7gT5S7LE=,3w//nHOPZgPR5ycRQHf8q03KIJc=
-76,19,RJ7ja/EwNw0g7NO9Euo7gT5S7LE=,3w//nHOPZgPR5ycRQHf8q03KIJc=
-65,30,rALyBAkzji1NV6bluGZP1kIMivE=,eSoLJaL44nh8tqn9iSU+cRtHKio=
-66,30,rALyBAkzji1NV6bluGZP1kIMivE=,eSoLJaL44nh8tqn9iSU+cRtHKio=
-65,27,Q936JnzP5BgfitJcio+QM1yTEyI=,eSoLJaL44nh8tqn9iSU+cRtHKio=
-71,31,rALyBAkzji1NV6bluGZP1kIMivE=,eSoLJaL44nh8tqn9iSU+cRtHKio=
-66,21,0oW9+3kVvbGvMGCOYGuMz+TOoEE=,eSoLJaL44nh8tqn9iSU+cRtHKio=
-65,21,mjCwgBGiFFfZrDqpSzffNEZgMbk=,eSoLJaL44nh8tqn9iSU+cRtHKio=
-68,23,mjCwgBGiFFfZrDqpSzffNEZgMbk=,eSoLJaL44nh8tqn9iSU+cRtHKio=
-65,28,Q936JnzP5BgfitJcio+QM1yTEyI=,eSoLJaL44nh8tqn9iSU+cRtHKio=
-67,22,rALyBAkzji1NV6bluGZP1kIMivE=,eSoLJaL44nh8tqn9iSU+cRtHKio=
-66,22,rALyBAkzji1NV6bluGZP1kIMivE=,eSoLJaL44nh8tqn9iSU+cRtHKio=
-65,26,Q936JnzP5BgfitJcio+QM1yTEyI=,eSoLJaL44nh8tqn9iSU+cRtHKio=
-67,25,0oW9+3kVvbGvMGCOYGuMz+TOoEE=,eSoLJaL44nh8tqn9iSU+cRtHKio=
-66,25,0oW9+3kVvbGvMGCOYGuMz+TOoEE=,eSoLJaL44nh8tqn9iSU+cRtHKio=
-65,22,rALyBAkzji1NV6bluGZP1kIMivE=,eSoLJaL44nh8tqn9iSU+cRtHKio=
-65,25,0oW9+3kVvbGvMGCOYGuMz+TOoEE=,eSoLJaL44nh8tqn9iSU+cRtHKio=
-68,27,Q936JnzP5BgfitJcio+QM1yTEyI=,eSoLJaL44nh8tqn9iSU+cRtHKio=
-66,27,Q936JnzP5BgfitJcio+QM1yTEyI=,eSoLJaL44nh8tqn9iSU+cRtHKio=
-76,16,rALyBAkzji1NV6bluGZP1kIMivE=,3w//nHOPZgPR5ycRQHf8q03KIJc=
-75,16,rALyBAkzji1NV6bluGZP1kIMivE=,3w//nHOPZgPR5ycRQHf8q03KIJc=
-78,16,rALyBAkzji1NV6bluGZP1kIMivE=,3w//nHOPZgPR5ycRQHf8q03KIJc=
-67,27,Q936JnzP5BgfitJcio+QM1yTEyI=,eSoLJaL44nh8tqn9iSU+cRtHKio=
-74,16,rALyBAkzji1NV6bluGZP1kIMivE=,3w//nHOPZgPR5ycRQHf8q03KIJc=
-73,16,rALyBAkzji1NV6bluGZP1kIMivE=,3w//nHOPZgPR5ycRQHf8q03KIJc=
-80,19,rALyBAkzji1NV6bluGZP1kIMivE=,3w//nHOPZgPR5ycRQHf8q03KIJc=
-72,16,rALyBAkzji1NV6bluGZP1kIMivE=,eSoLJaL44nh8tqn9iSU+cRtHKio=
-80,17,rALyBAkzji1NV6bluGZP1kIMivE=,3w//nHOPZgPR5ycRQHf8q03KIJc=
-79,16,rALyBAkzji1NV6bluGZP1kIMivE=,3w//nHOPZgPR5ycRQHf8q03KIJc=
-80,18,rALyBAkzji1NV6bluGZP1kIMivE=,3w//nHOPZgPR5ycRQHf8q03KIJc=
-77,16,rALyBAkzji1NV6bluGZP1kIMivE=,3w//nHOPZgPR5ycRQHf8q03KIJc=
-80,20,rALyBAkzji1NV6bluGZP1kIMivE=,3w//nHOPZgPR5ycRQHf8q03KIJc=
-80,22,rALyBAkzji1NV6bluGZP1kIMivE=,3w//nHOPZgPR5ycRQHf8q03KIJc=
-80,21,rALyBAkzji1NV6bluGZP1kIMivE=,3w//nHOPZgPR5ycRQHf8q03KIJc=
-65,31,rALyBAkzji1NV6bluGZP1kIMivE=,eSoLJaL44nh8tqn9iSU+cRtHKio=
-67,23,mjCwgBGiFFfZrDqpSzffNEZgMbk=,eSoLJaL44nh8tqn9iSU+cRtHKio=
-67,31,0oW9+3kVvbGvMGCOYGuMz+TOoEE=,eSoLJaL44nh8tqn9iSU+cRtHKio=
-65,16,rALyBAkzji1NV6bluGZP1kIMivE=,eSoLJaL44nh8tqn9iSU+cRtHKio=
-80,16,rALyBAkzji1NV6bluGZP1kIMivE=,3w//nHOPZgPR5ycRQHf8q03KIJc=
-65,29,0oW9+3kVvbGvMGCOYGuMz+TOoEE=,eSoLJaL44nh8tqn9iSU+cRtHKio=
-80,23,rALyBAkzji1NV6bluGZP1kIMivE=,3w//nHOPZgPR5ycRQHf8q03KIJc=
-68,31,0oW9+3kVvbGvMGCOYGuMz+TOoEE=,eSoLJaL44nh8tqn9iSU+cRtHKio=
-77,23,mjCwgBGiFFfZrDqpSzffNEZgMbk=,3w//nHOPZgPR5ycRQHf8q03KIJc=
-78,23,mjCwgBGiFFfZrDqpSzffNEZgMbk=,3w//nHOPZgPR5ycRQHf8q03KIJc=
-79,23,mjCwgBGiFFfZrDqpSzffNEZgMbk=,3w//nHOPZgPR5ycRQHf8q03KIJc=
-68,26,Q936JnzP5BgfitJcio+QM1yTEyI=,eSoLJaL44nh8tqn9iSU+cRtHKio=
-68,24,Q936JnzP5BgfitJcio+QM1yTEyI=,eSoLJaL44nh8tqn9iSU+cRtHKio=
-80,31,rALyBAkzji1NV6bluGZP1kIMivE=,3w//nHOPZgPR5ycRQHf8q03KIJc=
-66,29,0oW9+3kVvbGvMGCOYGuMz+TOoEE=,eSoLJaL44nh8tqn9iSU+cRtHKio=
-67,29,0oW9+3kVvbGvMGCOYGuMz+TOoEE=,eSoLJaL44nh8tqn9iSU+cRtHKio=
-68,28,Q936JnzP5BgfitJcio+QM1yTEyI=,eSoLJaL44nh8tqn9iSU+cRtHKio=
-69,22,mjCwgBGiFFfZrDqpSzffNEZgMbk=,eSoLJaL44nh8tqn9iSU+cRtHKio=
-67,30,0oW9+3kVvbGvMGCOYGuMz+TOoEE=,eSoLJaL44nh8tqn9iSU+cRtHKio=
-66,23,mjCwgBGiFFfZrDqpSzffNEZgMbk=,eSoLJaL44nh8tqn9iSU+cRtHKio=
-66,28,Q936JnzP5BgfitJcio+QM1yTEyI=,eSoLJaL44nh8tqn9iSU+cRtHKio=
-66,31,rALyBAkzji1NV6bluGZP1kIMivE=,eSoLJaL44nh8tqn9iSU+cRtHKio=
-77,29,mjCwgBGiFFfZrDqpSzffNEZgMbk=,3w//nHOPZgPR5ycRQHf8q03KIJc=
-67,24,Q936JnzP5BgfitJcio+QM1yTEyI=,eSoLJaL44nh8tqn9iSU+cRtHKio=
-67,28,Q936JnzP5BgfitJcio+QM1yTEyI=,eSoLJaL44nh8tqn9iSU+cRtHKio=
-68,25,0oW9+3kVvbGvMGCOYGuMz+TOoEE=,eSoLJaL44nh8tqn9iSU+cRtHKio=
-71,27,0oW9+3kVvbGvMGCOYGuMz+TOoEE=,eSoLJaL44nh8tqn9iSU+cRtHKio=
-70,27,0oW9+3kVvbGvMGCOYGuMz+TOoEE=,eSoLJaL44nh8tqn9iSU+cRtHKio=
-80,24,mjCwgBGiFFfZrDqpSzffNEZgMbk=,3w//nHOPZgPR5ycRQHf8q03KIJc=
-69,21,0oW9+3kVvbGvMGCOYGuMz+TOoEE=,eSoLJaL44nh8tqn9iSU+cRtHKio=
-78,24,mjCwgBGiFFfZrDqpSzffNEZgMbk=,3w//nHOPZgPR5ycRQHf8q03KIJc=
-65,24,Q936JnzP5BgfitJcio+QM1yTEyI=,eSoLJaL44nh8tqn9iSU+cRtHKio=
-69,27,0oW9+3kVvbGvMGCOYGuMz+TOoEE=,eSoLJaL44nh8tqn9iSU+cRtHKio=
-72,26,0oW9+3kVvbGvMGCOYGuMz+TOoEE=,eSoLJaL44nh8tqn9iSU+cRtHKio=
-67,26,Q936JnzP5BgfitJcio+QM1yTEyI=,eSoLJaL44nh8tqn9iSU+cRtHKio=
-72,23,mjCwgBGiFFfZrDqpSzffNEZgMbk=,eSoLJaL44nh8tqn9iSU+cRtHKio=
-66,24,Q936JnzP5BgfitJcio+QM1yTEyI=,eSoLJaL44nh8tqn9iSU+cRtHKio=
-73,29,Q936JnzP5BgfitJcio+QM1yTEyI=,3w//nHOPZgPR5ycRQHf8q03KIJc=
-69,24,Q936JnzP5BgfitJcio+QM1yTEyI=,eSoLJaL44nh8tqn9iSU+cRtHKio=
-68,30,0oW9+3kVvbGvMGCOYGuMz+TOoEE=,eSoLJaL44nh8tqn9iSU+cRtHKio=
-68,29,Q936JnzP5BgfitJcio+QM1yTEyI=,eSoLJaL44nh8tqn9iSU+cRtHKio=
-69,30,0oW9+3kVvbGvMGCOYGuMz+TOoEE=,eSoLJaL44nh8tqn9iSU+cRtHKio=
-77,28,mjCwgBGiFFfZrDqpSzffNEZgMbk=,3w//nHOPZgPR5ycRQHf8q03KIJc=
-80,29,rALyBAkzji1NV6bluGZP1kIMivE=,3w//nHOPZgPR5ycRQHf8q03KIJc=
-79,28,rALyBAkzji1NV6bluGZP1kIMivE=,3w//nHOPZgPR5ycRQHf8q03KIJc=
-65,23,rALyBAkzji1NV6bluGZP1kIMivE=,eSoLJaL44nh8tqn9iSU+cRtHKio=
-73,23,rALyBAkzji1NV6bluGZP1kIMivE=,3w//nHOPZgPR5ycRQHf8q03KIJc=
-80,28,rALyBAkzji1NV6bluGZP1kIMivE=,3w//nHOPZgPR5ycRQHf8q03KIJc=
-71,22,mjCwgBGiFFfZrDqpSzffNEZgMbk=,eSoLJaL44nh8tqn9iSU+cRtHKio=
-78,29,mjCwgBGiFFfZrDqpSzffNEZgMbk=,3w//nHOPZgPR5ycRQHf8q03KIJc=
-77,31,mjCwgBGiFFfZrDqpSzffNEZgMbk=,3w//nHOPZgPR5ycRQHf8q03KIJc=
-78,31,mjCwgBGiFFfZrDqpSzffNEZgMbk=,3w//nHOPZgPR5ycRQHf8q03KIJc=
-77,30,rALyBAkzji1NV6bluGZP1kIMivE=,3w//nHOPZgPR5ycRQHf8q03KIJc=
-74,23,rALyBAkzji1NV6bluGZP1kIMivE=,3w//nHOPZgPR5ycRQHf8q03KIJc=
-70,26,Q936JnzP5BgfitJcio+QM1yTEyI=,eSoLJaL44nh8tqn9iSU+cRtHKio=
-79,24,rALyBAkzji1NV6bluGZP1kIMivE=,3w//nHOPZgPR5ycRQHf8q03KIJc=
-66,26,Q936JnzP5BgfitJcio+QM1yTEyI=,eSoLJaL44nh8tqn9iSU+cRtHKio=
-78,28,mjCwgBGiFFfZrDqpSzffNEZgMbk=,3w//nHOPZgPR5ycRQHf8q03KIJc=
-77,24,mjCwgBGiFFfZrDqpSzffNEZgMbk=,3w//nHOPZgPR5ycRQHf8q03KIJc=
-79,31,mjCwgBGiFFfZrDqpSzffNEZgMbk=,3w//nHOPZgPR5ycRQHf8q03KIJc=
-74,29,Q936JnzP5BgfitJcio+QM1yTEyI=,3w//nHOPZgPR5ycRQHf8q03KIJc=
-79,29,mjCwgBGiFFfZrDqpSzffNEZgMbk=,3w//nHOPZgPR5ycRQHf8q03KIJc=
-80,30,rALyBAkzji1NV6bluGZP1kIMivE=,3w//nHOPZgPR5ycRQHf8q03KIJc=
-69,29,Q936JnzP5BgfitJcio+QM1yTEyI=,eSoLJaL44nh8tqn9iSU+cRtHKio=
-71,26,Q936JnzP5BgfitJcio+QM1yTEyI=,eSoLJaL44nh8tqn9iSU+cRtHKio=
-75,23,rALyBAkzji1NV6bluGZP1kIMivE=,3w//nHOPZgPR5ycRQHf8q03KIJc=
-70,31,0oW9+3kVvbGvMGCOYGuMz+TOoEE=,eSoLJaL44nh8tqn9iSU+cRtHKio=
-77,22,rALyBAkzji1NV6bluGZP1kIMivE=,3w//nHOPZgPR5ycRQHf8q03KIJc=
-70,21,0oW9+3kVvbGvMGCOYGuMz+TOoEE=,eSoLJaL44nh8tqn9iSU+cRtHKio=
-75,20,0oW9+3kVvbGvMGCOYGuMz+TOoEE=,3w//nHOPZgPR5ycRQHf8q03KIJc=
-76,30,0oW9+3kVvbGvMGCOYGuMz+TOoEE=,3w//nHOPZgPR5ycRQHf8q03KIJc=
-76,23,rALyBAkzji1NV6bluGZP1kIMivE=,3w//nHOPZgPR5ycRQHf8q03KIJc=
-71,21,0oW9+3kVvbGvMGCOYGuMz+TOoEE=,eSoLJaL44nh8tqn9iSU+cRtHKio=
-71,30,0oW9+3kVvbGvMGCOYGuMz+TOoEE=,eSoLJaL44nh8tqn9iSU+cRtHKio=
-78,30,mjCwgBGiFFfZrDqpSzffNEZgMbk=,3w//nHOPZgPR5ycRQHf8q03KIJc=
-73,20,0oW9+3kVvbGvMGCOYGuMz+TOoEE=,3w//nHOPZgPR5ycRQHf8q03KIJc=
-69,31,0oW9+3kVvbGvMGCOYGuMz+TOoEE=,eSoLJaL44nh8tqn9iSU+cRtHKio=
-79,30,mjCwgBGiFFfZrDqpSzffNEZgMbk=,3w//nHOPZgPR5ycRQHf8q03KIJc=
-70,29,Q936JnzP5BgfitJcio+QM1yTEyI=,eSoLJaL44nh8tqn9iSU+cRtHKio=
-72,31,Q936JnzP5BgfitJcio+QM1yTEyI=,eSoLJaL44nh8tqn9iSU+cRtHKio=
-74,20,0oW9+3kVvbGvMGCOYGuMz+TOoEE=,3w//nHOPZgPR5ycRQHf8q03KIJc=
-71,28,Q936JnzP5BgfitJcio+QM1yTEyI=,eSoLJaL44nh8tqn9iSU+cRtHKio=
-71,29,Q936JnzP5BgfitJcio+QM1yTEyI=,eSoLJaL44nh8tqn9iSU+cRtHKio=
-70,24,Q936JnzP5BgfitJcio+QM1yTEyI=,eSoLJaL44nh8tqn9iSU+cRtHKio=
-72,20,mjCwgBGiFFfZrDqpSzffNEZgMbk=,eSoLJaL44nh8tqn9iSU+cRtHKio=
-70,22,0oW9+3kVvbGvMGCOYGuMz+TOoEE=,eSoLJaL44nh8tqn9iSU+cRtHKio=
-69,26,Q936JnzP5BgfitJcio+QM1yTEyI=,eSoLJaL44nh8tqn9iSU+cRtHKio=
-69,28,Q936JnzP5BgfitJcio+QM1yTEyI=,eSoLJaL44nh8tqn9iSU+cRtHKio=
-72,29,Q936JnzP5BgfitJcio+QM1yTEyI=,eSoLJaL44nh8tqn9iSU+cRtHKio=
-72,28,Q936JnzP5BgfitJcio+QM1yTEyI=,eSoLJaL44nh8tqn9iSU+cRtHKio=
-70,28,Q936JnzP5BgfitJcio+QM1yTEyI=,eSoLJaL44nh8tqn9iSU+cRtHKio=
-75,29,Q936JnzP5BgfitJcio+QM1yTEyI=,3w//nHOPZgPR5ycRQHf8q03KIJc=
-75,24,0oW9+3kVvbGvMGCOYGuMz+TOoEE=,3w//nHOPZgPR5ycRQHf8q03KIJc=
-76,24,0oW9+3kVvbGvMGCOYGuMz+TOoEE=,3w//nHOPZgPR5ycRQHf8q03KIJc=
-71,25,Q936JnzP5BgfitJcio+QM1yTEyI=,eSoLJaL44nh8tqn9iSU+cRtHKio=
-74,24,0oW9+3kVvbGvMGCOYGuMz+TOoEE=,3w//nHOPZgPR5ycRQHf8q03KIJc=
-70,30,0oW9+3kVvbGvMGCOYGuMz+TOoEE=,eSoLJaL44nh8tqn9iSU+cRtHKio=
-69,23,mjCwgBGiFFfZrDqpSzffNEZgMbk=,eSoLJaL44nh8tqn9iSU+cRtHKio=
-75,21,0oW9+3kVvbGvMGCOYGuMz+TOoEE=,3w//nHOPZgPR5ycRQHf8q03KIJc=
-72,30,0oW9+3kVvbGvMGCOYGuMz+TOoEE=,eSoLJaL44nh8tqn9iSU+cRtHKio=
-72,27,Q936JnzP5BgfitJcio+QM1yTEyI=,eSoLJaL44nh8tqn9iSU+cRtHKio=
-73,21,0oW9+3kVvbGvMGCOYGuMz+TOoEE=,3w//nHOPZgPR5ycRQHf8q03KIJc=
-72,24,Q936JnzP5BgfitJcio+QM1yTEyI=,eSoLJaL44nh8tqn9iSU+cRtHKio=
-74,21,0oW9+3kVvbGvMGCOYGuMz+TOoEE=,3w//nHOPZgPR5ycRQHf8q03KIJc=
-69,25,Q936JnzP5BgfitJcio+QM1yTEyI=,eSoLJaL44nh8tqn9iSU+cRtHKio=
-70,25,Q936JnzP5BgfitJcio+QM1yTEyI=,eSoLJaL44nh8tqn9iSU+cRtHKio=
-76,28,0oW9+3kVvbGvMGCOYGuMz+TOoEE=,3w//nHOPZgPR5ycRQHf8q03KIJc=
-76,29,0oW9+3kVvbGvMGCOYGuMz+TOoEE=,3w//nHOPZgPR5ycRQHf8q03KIJc=
-79,25,mjCwgBGiFFfZrDqpSzffNEZgMbk=,3w//nHOPZgPR5ycRQHf8q03KIJc=
-75,30,0oW9+3kVvbGvMGCOYGuMz+TOoEE=,3w//nHOPZgPR5ycRQHf8q03KIJc=
-80,25,mjCwgBGiFFfZrDqpSzffNEZgMbk=,3w//nHOPZgPR5ycRQHf8q03KIJc=
-75,28,0oW9+3kVvbGvMGCOYGuMz+TOoEE=,3w//nHOPZgPR5ycRQHf8q03KIJc=
-73,28,Q936JnzP5BgfitJcio+QM1yTEyI=,3w//nHOPZgPR5ycRQHf8q03KIJc=
-80,27,rALyBAkzji1NV6bluGZP1kIMivE=,3w//nHOPZgPR5ycRQHf8q03KIJc=
-70,23,mjCwgBGiFFfZrDqpSzffNEZgMbk=,eSoLJaL44nh8tqn9iSU+cRtHKio=
-79,27,mjCwgBGiFFfZrDqpSzffNEZgMbk=,3w//nHOPZgPR5ycRQHf8q03KIJc=
-77,27,mjCwgBGiFFfZrDqpSzffNEZgMbk=,3w//nHOPZgPR5ycRQHf8q03KIJc=
-74,26,0oW9+3kVvbGvMGCOYGuMz+TOoEE=,3w//nHOPZgPR5ycRQHf8q03KIJc=
-75,26,0oW9+3kVvbGvMGCOYGuMz+TOoEE=,3w//nHOPZgPR5ycRQHf8q03KIJc=
-75,27,0oW9+3kVvbGvMGCOYGuMz+TOoEE=,3w//nHOPZgPR5ycRQHf8q03KIJc=
-74,28,Q936JnzP5BgfitJcio+QM1yTEyI=,3w//nHOPZgPR5ycRQHf8q03KIJc=
-73,24,Q936JnzP5BgfitJcio+QM1yTEyI=,3w//nHOPZgPR5ycRQHf8q03KIJc=
-72,22,mjCwgBGiFFfZrDqpSzffNEZgMbk=,eSoLJaL44nh8tqn9iSU+cRtHKio=
-72,25,Q936JnzP5BgfitJcio+QM1yTEyI=,eSoLJaL44nh8tqn9iSU+cRtHKio=
-76,27,0oW9+3kVvbGvMGCOYGuMz+TOoEE=,3w//nHOPZgPR5ycRQHf8q03KIJc=
-73,27,Q936JnzP5BgfitJcio+QM1yTEyI=,3w//nHOPZgPR5ycRQHf8q03KIJc=
-71,24,Q936JnzP5BgfitJcio+QM1yTEyI=,eSoLJaL44nh8tqn9iSU+cRtHKio=
-72,21,mjCwgBGiFFfZrDqpSzffNEZgMbk=,eSoLJaL44nh8tqn9iSU+cRtHKio=
-74,27,Q936JnzP5BgfitJcio+QM1yTEyI=,3w//nHOPZgPR5ycRQHf8q03KIJc=
-73,26,0oW9+3kVvbGvMGCOYGuMz+TOoEE=,3w//nHOPZgPR5ycRQHf8q03KIJc=
-76,25,0oW9+3kVvbGvMGCOYGuMz+TOoEE=,3w//nHOPZgPR5ycRQHf8q03KIJc=
-75,25,0oW9+3kVvbGvMGCOYGuMz+TOoEE=,3w//nHOPZgPR5ycRQHf8q03KIJc=
-74,22,0oW9+3kVvbGvMGCOYGuMz+TOoEE=,3w//nHOPZgPR5ycRQHf8q03KIJc=
-76,31,Q936JnzP5BgfitJcio+QM1yTEyI=,3w//nHOPZgPR5ycRQHf8q03KIJc=
-76,26,0oW9+3kVvbGvMGCOYGuMz+TOoEE=,3w//nHOPZgPR5ycRQHf8q03KIJc=
-76,22,0oW9+3kVvbGvMGCOYGuMz+TOoEE=,3w//nHOPZgPR5ycRQHf8q03KIJc=
-77,26,mjCwgBGiFFfZrDqpSzffNEZgMbk=,3w//nHOPZgPR5ycRQHf8q03KIJc=
-78,27,mjCwgBGiFFfZrDqpSzffNEZgMbk=,3w//nHOPZgPR5ycRQHf8q03KIJc=
-75,22,0oW9+3kVvbGvMGCOYGuMz+TOoEE=,3w//nHOPZgPR5ycRQHf8q03KIJc=
-74,25,0oW9+3kVvbGvMGCOYGuMz+TOoEE=,3w//nHOPZgPR5ycRQHf8q03KIJc=
-80,26,rALyBAkzji1NV6bluGZP1kIMivE=,3w//nHOPZgPR5ycRQHf8q03KIJc=
-73,25,0oW9+3kVvbGvMGCOYGuMz+TOoEE=,3w//nHOPZgPR5ycRQHf8q03KIJc=
-77,25,mjCwgBGiFFfZrDqpSzffNEZgMbk=,3w//nHOPZgPR5ycRQHf8q03KIJc=
-73,31,Q936JnzP5BgfitJcio+QM1yTEyI=,3w//nHOPZgPR5ycRQHf8q03KIJc=
-75,31,Q936JnzP5BgfitJcio+QM1yTEyI=,3w//nHOPZgPR5ycRQHf8q03KIJc=
-78,25,mjCwgBGiFFfZrDqpSzffNEZgMbk=,3w//nHOPZgPR5ycRQHf8q03KIJc=
-74,31,Q936JnzP5BgfitJcio+QM1yTEyI=,3w//nHOPZgPR5ycRQHf8q03KIJc=
-71,23,mjCwgBGiFFfZrDqpSzffNEZgMbk=,eSoLJaL44nh8tqn9iSU+cRtHKio=
-73,22,0oW9+3kVvbGvMGCOYGuMz+TOoEE=,3w//nHOPZgPR5ycRQHf8q03KIJc=
-79,26,mjCwgBGiFFfZrDqpSzffNEZgMbk=,3w//nHOPZgPR5ycRQHf8q03KIJc=
-73,30,Q936JnzP5BgfitJcio+QM1yTEyI=,3w//nHOPZgPR5ycRQHf8q03KIJc=
-74,30,0oW9+3kVvbGvMGCOYGuMz+TOoEE=,3w//nHOPZgPR5ycRQHf8q03KIJc=
-78,26,mjCwgBGiFFfZrDqpSzffNEZgMbk=,3w//nHOPZgPR5ycRQHf8q03KIJc=
-74,12,Q936JnzP5BgfitJcio+QM1yTEyI=,3w//nHOPZgPR5ycRQHf8q03KIJc=
-75,8,Q936JnzP5BgfitJcio+QM1yTEyI=,3w//nHOPZgPR5ycRQHf8q03KIJc=
-76,11,Q936JnzP5BgfitJcio+QM1yTEyI=,3w//nHOPZgPR5ycRQHf8q03KIJc=
-74,13,Q936JnzP5BgfitJcio+QM1yTEyI=,3w//nHOPZgPR5ycRQHf8q03KIJc=
-79,9,Q936JnzP5BgfitJcio+QM1yTEyI=,3w//nHOPZgPR5ycRQHf8q03KIJc=
-74,8,Q936JnzP5BgfitJcio+QM1yTEyI=,3w//nHOPZgPR5ycRQHf8q03KIJc=
-78,10,Q936JnzP5BgfitJcio+QM1yTEyI=,3w//nHOPZgPR5ycRQHf8q03KIJc=
-79,14,Q936JnzP5BgfitJcio+QM1yTEyI=,3w//nHOPZgPR5ycRQHf8q03KIJc=
-75,11,Q936JnzP5BgfitJcio+QM1yTEyI=,3w//nHOPZgPR5ycRQHf8q03KIJc=
-78,14,Q936JnzP5BgfitJcio+QM1yTEyI=,3w//nHOPZgPR5ycRQHf8q03KIJc=
-78,9,Q936JnzP5BgfitJcio+QM1yTEyI=,3w//nHOPZgPR5ycRQHf8q03KIJc=
-74,15,Q936JnzP5BgfitJcio+QM1yTEyI=,3w//nHOPZgPR5ycRQHf8q03KIJc=
-75,14,Q936JnzP5BgfitJcio+QM1yTEyI=,3w//nHOPZgPR5ycRQHf8q03KIJc=
-78,15,Q936JnzP5BgfitJcio+QM1yTEyI=,3w//nHOPZgPR5ycRQHf8q03KIJc=
-79,15,Q936JnzP5BgfitJcio+QM1yTEyI=,3w//nHOPZgPR5ycRQHf8q03KIJc=
-77,15,Q936JnzP5BgfitJcio+QM1yTEyI=,3w//nHOPZgPR5ycRQHf8q03KIJc=
-72,9,Q936JnzP5BgfitJcio+QM1yTEyI=,3w//nHOPZgPR5ycRQHf8q03KIJc=
-77,8,Q936JnzP5BgfitJcio+QM1yTEyI=,3w//nHOPZgPR5ycRQHf8q03KIJc=
-74,11,Q936JnzP5BgfitJcio+QM1yTEyI=,3w//nHOPZgPR5ycRQHf8q03KIJc=
-77,11,Q936JnzP5BgfitJcio+QM1yTEyI=,3w//nHOPZgPR5ycRQHf8q03KIJc=
-73,13,Q936JnzP5BgfitJcio+QM1yTEyI=,3w//nHOPZgPR5ycRQHf8q03KIJc=
-77,14,Q936JnzP5BgfitJcio+QM1yTEyI=,3w//nHOPZgPR5ycRQHf8q03KIJc=
-71,9,Q936JnzP5BgfitJcio+QM1yTEyI=,3w//nHOPZgPR5ycRQHf8q03KIJc=
-76,15,Q936JnzP5BgfitJcio+QM1yTEyI=,3w//nHOPZgPR5ycRQHf8q03KIJc=
-75,13,Q936JnzP5BgfitJcio+QM1yTEyI=,3w//nHOPZgPR5ycRQHf8q03KIJc=
-76,8,Q936JnzP5BgfitJcio+QM1yTEyI=,3w//nHOPZgPR5ycRQHf8q03KIJc=
-67,8,Q936JnzP5BgfitJcio+QM1yTEyI=,3w//nHOPZgPR5ycRQHf8q03KIJc=
-65,9,Q936JnzP5BgfitJcio+QM1yTEyI=,3w//nHOPZgPR5ycRQHf8q03KIJc=
-75,12,Q936JnzP5BgfitJcio+QM1yTEyI=,3w//nHOPZgPR5ycRQHf8q03KIJc=
-66,8,Q936JnzP5BgfitJcio+QM1yTEyI=,3w//nHOPZgPR5ycRQHf8q03KIJc=
-76,14,Q936JnzP5BgfitJcio+QM1yTEyI=,3w//nHOPZgPR5ycRQHf8q03KIJc=
-69,8,Q936JnzP5BgfitJcio+QM1yTEyI=,3w//nHOPZgPR5ycRQHf8q03KIJc=
-68,8,Q936JnzP5BgfitJcio+QM1yTEyI=,3w//nHOPZgPR5ycRQHf8q03KIJc=
-75,15,Q936JnzP5BgfitJcio+QM1yTEyI=,3w//nHOPZgPR5ycRQHf8q03KIJc=
-74,10,Q936JnzP5BgfitJcio+QM1yTEyI=,3w//nHOPZgPR5ycRQHf8q03KIJc=
-70,9,Q936JnzP5BgfitJcio+QM1yTEyI=,3w//nHOPZgPR5ycRQHf8q03KIJc=
-79,8,Q936JnzP5BgfitJcio+QM1yTEyI=,3w//nHOPZgPR5ycRQHf8q03KIJc=
-74,9,Q936JnzP5BgfitJcio+QM1yTEyI=,3w//nHOPZgPR5ycRQHf8q03KIJc=
-65,10,Q936JnzP5BgfitJcio+QM1yTEyI=,3w//nHOPZgPR5ycRQHf8q03KIJc=
-69,9,Q936JnzP5BgfitJcio+QM1yTEyI=,3w//nHOPZgPR5ycRQHf8q03KIJc=
-78,8,Q936JnzP5BgfitJcio+QM1yTEyI=,3w//nHOPZgPR5ycRQHf8q03KIJc=
-77,12,Q936JnzP5BgfitJcio+QM1yTEyI=,3w//nHOPZgPR5ycRQHf8q03KIJc=
-76,13,Q936JnzP5BgfitJcio+QM1yTEyI=,3w//nHOPZgPR5ycRQHf8q03KIJc=
-78,11,Q936JnzP5BgfitJcio+QM1yTEyI=,3w//nHOPZgPR5ycRQHf8q03KIJc=
-65,11,Q936JnzP5BgfitJcio+QM1yTEyI=,3w//nHOPZgPR5ycRQHf8q03KIJc=
-68,9,Q936JnzP5BgfitJcio+QM1yTEyI=,3w//nHOPZgPR5ycRQHf8q03KIJc=
-79,11,Q936JnzP5BgfitJcio+QM1yTEyI=,3w//nHOPZgPR5ycRQHf8q03KIJc=
-75,9,Q936JnzP5BgfitJcio+QM1yTEyI=,3w//nHOPZgPR5ycRQHf8q03KIJc=
-70,8,Q936JnzP5BgfitJcio+QM1yTEyI=,3w//nHOPZgPR5ycRQHf8q03KIJc=
-79,13,Q936JnzP5BgfitJcio+QM1yTEyI=,3w//nHOPZgPR5ycRQHf8q03KIJc=
-65,12,Q936JnzP5BgfitJcio+QM1yTEyI=,3w//nHOPZgPR5ycRQHf8q03KIJc=
-66,14,Q936JnzP5BgfitJcio+QM1yTEyI=,3w//nHOPZgPR5ycRQHf8q03KIJc=
-67,9,Q936JnzP5BgfitJcio+QM1yTEyI=,3w//nHOPZgPR5ycRQHf8q03KIJc=
-75,10,Q936JnzP5BgfitJcio+QM1yTEyI=,3w//nHOPZgPR5ycRQHf8q03KIJc=
-77,13,Q936JnzP5BgfitJcio+QM1yTEyI=,3w//nHOPZgPR5ycRQHf8q03KIJc=
-79,10,Q936JnzP5BgfitJcio+QM1yTEyI=,3w//nHOPZgPR5ycRQHf8q03KIJc=
-78,13,Q936JnzP5BgfitJcio+QM1yTEyI=,3w//nHOPZgPR5ycRQHf8q03KIJc=
-78,12,Q936JnzP5BgfitJcio+QM1yTEyI=,3w//nHOPZgPR5ycRQHf8q03KIJc=
-65,13,Q936JnzP5BgfitJcio+QM1yTEyI=,3w//nHOPZgPR5ycRQHf8q03KIJc=
-73,11,Q936JnzP5BgfitJcio+QM1yTEyI=,3w//nHOPZgPR5ycRQHf8q03KIJc=
-76,12,Q936JnzP5BgfitJcio+QM1yTEyI=,3w//nHOPZgPR5ycRQHf8q03KIJc=
-76,10,Q936JnzP5BgfitJcio+QM1yTEyI=,3w//nHOPZgPR5ycRQHf8q03KIJc=
-80,9,Q936JnzP5BgfitJcio+QM1yTEyI=,3w//nHOPZgPR5ycRQHf8q03KIJc=
-65,14,Q936JnzP5BgfitJcio+QM1yTEyI=,3w//nHOPZgPR5ycRQHf8q03KIJc=
-66,9,Q936JnzP5BgfitJcio+QM1yTEyI=,3w//nHOPZgPR5ycRQHf8q03KIJc=
-65,8,Q936JnzP5BgfitJcio+QM1yTEyI=,3w//nHOPZgPR5ycRQHf8q03KIJc=
-76,9,gqHZuUwQv0vhebqVA9kzKwE5/98=,3w//nHOPZgPR5ycRQHf8q03KIJc=
-79,12,gqHZuUwQv0vhebqVA9kzKwE5/98=,3w//nHOPZgPR5ycRQHf8q03KIJc=
-72,10,gqHZuUwQv0vhebqVA9kzKwE5/98=,3w//nHOPZgPR5ycRQHf8q03KIJc=
-80,14,gqHZuUwQv0vhebqVA9kzKwE5/98=,3w//nHOPZgPR5ycRQHf8q03KIJc=
-67,14,gqHZuUwQv0vhebqVA9kzKwE5/98=,3w//nHOPZgPR5ycRQHf8q03KIJc=
-74,14,gqHZuUwQv0vhebqVA9kzKwE5/98=,3w//nHOPZgPR5ycRQHf8q03KIJc=
-77,10,gqHZuUwQv0vhebqVA9kzKwE5/98=,3w//nHOPZgPR5ycRQHf8q03KIJc=
-71,10,gqHZuUwQv0vhebqVA9kzKwE5/98=,3w//nHOPZgPR5ycRQHf8q03KIJc=
-80,12,gqHZuUwQv0vhebqVA9kzKwE5/98=,3w//nHOPZgPR5ycRQHf8q03KIJc=
-73,8,gqHZuUwQv0vhebqVA9kzKwE5/98=,3w//nHOPZgPR5ycRQHf8q03KIJc=
-77,9,gqHZuUwQv0vhebqVA9kzKwE5/98=,3w//nHOPZgPR5ycRQHf8q03KIJc=
-68,14,gqHZuUwQv0vhebqVA9kzKwE5/98=,3w//nHOPZgPR5ycRQHf8q03KIJc=
-69,14,gqHZuUwQv0vhebqVA9kzKwE5/98=,3w//nHOPZgPR5ycRQHf8q03KIJc=
-67,13,gqHZuUwQv0vhebqVA9kzKwE5/98=,3w//nHOPZgPR5ycRQHf8q03KIJc=
-71,14,gqHZuUwQv0vhebqVA9kzKwE5/98=,3w//nHOPZgPR5ycRQHf8q03KIJc=
-72,14,gqHZuUwQv0vhebqVA9kzKwE5/98=,3w//nHOPZgPR5ycRQHf8q03KIJc=
-80,13,gqHZuUwQv0vhebqVA9kzKwE5/98=,3w//nHOPZgPR5ycRQHf8q03KIJc=
-70,10,gqHZuUwQv0vhebqVA9kzKwE5/98=,3w//nHOPZgPR5ycRQHf8q03KIJc=
-66,13,gqHZuUwQv0vhebqVA9kzKwE5/98=,3w//nHOPZgPR5ycRQHf8q03KIJc=
-68,13,gqHZuUwQv0vhebqVA9kzKwE5/98=,3w//nHOPZgPR5ycRQHf8q03KIJc=
-70,14,gqHZuUwQv0vhebqVA9kzKwE5/98=,3w//nHOPZgPR5ycRQHf8q03KIJc=
-73,9,gqHZuUwQv0vhebqVA9kzKwE5/98=,3w//nHOPZgPR5ycRQHf8q03KIJc=
-69,13,gqHZuUwQv0vhebqVA9kzKwE5/98=,3w//nHOPZgPR5ycRQHf8q03KIJc=
-80,15,gqHZuUwQv0vhebqVA9kzKwE5/98=,3w//nHOPZgPR5ycRQHf8q03KIJc=
-71,8,gqHZuUwQv0vhebqVA9kzKwE5/98=,3w//nHOPZgPR5ycRQHf8q03KIJc=
-69,10,gqHZuUwQv0vhebqVA9kzKwE5/98=,3w//nHOPZgPR5ycRQHf8q03KIJc=
-70,13,gqHZuUwQv0vhebqVA9kzKwE5/98=,3w//nHOPZgPR5ycRQHf8q03KIJc=
-80,8,gqHZuUwQv0vhebqVA9kzKwE5/98=,3w//nHOPZgPR5ycRQHf8q03KIJc=
-73,15,gqHZuUwQv0vhebqVA9kzKwE5/98=,3w//nHOPZgPR5ycRQHf8q03KIJc=
-68,10,gqHZuUwQv0vhebqVA9kzKwE5/98=,3w//nHOPZgPR5ycRQHf8q03KIJc=
-71,13,gqHZuUwQv0vhebqVA9kzKwE5/98=,3w//nHOPZgPR5ycRQHf8q03KIJc=
-80,11,gqHZuUwQv0vhebqVA9kzKwE5/98=,3w//nHOPZgPR5ycRQHf8q03KIJc=
-66,12,gqHZuUwQv0vhebqVA9kzKwE5/98=,3w//nHOPZgPR5ycRQHf8q03KIJc=
-69,12,gqHZuUwQv0vhebqVA9kzKwE5/98=,3w//nHOPZgPR5ycRQHf8q03KIJc=
-72,13,gqHZuUwQv0vhebqVA9kzKwE5/98=,3w//nHOPZgPR5ycRQHf8q03KIJc=
-73,12,gqHZuUwQv0vhebqVA9kzKwE5/98=,3w//nHOPZgPR5ycRQHf8q03KIJc=
-70,12,gqHZuUwQv0vhebqVA9kzKwE5/98=,3w//nHOPZgPR5ycRQHf8q03KIJc=
-68,12,gqHZuUwQv0vhebqVA9kzKwE5/98=,3w//nHOPZgPR5ycRQHf8q03KIJc=
-67,12,gqHZuUwQv0vhebqVA9kzKwE5/98=,3w//nHOPZgPR5ycRQHf8q03KIJc=
-73,10,gqHZuUwQv0vhebqVA9kzKwE5/98=,3w//nHOPZgPR5ycRQHf8q03KIJc=
-72,12,gqHZuUwQv0vhebqVA9kzKwE5/98=,3w//nHOPZgPR5ycRQHf8q03KIJc=
-71,12,gqHZuUwQv0vhebqVA9kzKwE5/98=,3w//nHOPZgPR5ycRQHf8q03KIJc=
-65,15,gqHZuUwQv0vhebqVA9kzKwE5/98=,3w//nHOPZgPR5ycRQHf8q03KIJc=
-80,10,gqHZuUwQv0vhebqVA9kzKwE5/98=,3w//nHOPZgPR5ycRQHf8q03KIJc=
-67,10,gqHZuUwQv0vhebqVA9kzKwE5/98=,3w//nHOPZgPR5ycRQHf8q03KIJc=
-66,11,gqHZuUwQv0vhebqVA9kzKwE5/98=,3w//nHOPZgPR5ycRQHf8q03KIJc=
-72,8,gqHZuUwQv0vhebqVA9kzKwE5/98=,3w//nHOPZgPR5ycRQHf8q03KIJc=
-72,11,gqHZuUwQv0vhebqVA9kzKwE5/98=,3w//nHOPZgPR5ycRQHf8q03KIJc=
-67,11,gqHZuUwQv0vhebqVA9kzKwE5/98=,3w//nHOPZgPR5ycRQHf8q03KIJc=
-73,14,gqHZuUwQv0vhebqVA9kzKwE5/98=,3w//nHOPZgPR5ycRQHf8q03KIJc=
-71,11,gqHZuUwQv0vhebqVA9kzKwE5/98=,3w//nHOPZgPR5ycRQHf8q03KIJc=
-68,11,gqHZuUwQv0vhebqVA9kzKwE5/98=,3w//nHOPZgPR5ycRQHf8q03KIJc=
-70,11,gqHZuUwQv0vhebqVA9kzKwE5/98=,3w//nHOPZgPR5ycRQHf8q03KIJc=
-69,11,gqHZuUwQv0vhebqVA9kzKwE5/98=,3w//nHOPZgPR5ycRQHf8q03KIJc=
-66,10,gqHZuUwQv0vhebqVA9kzKwE5/98=,3w//nHOPZgPR5ycRQHf8q03KIJc=
-69,15,gqHZuUwQv0vhebqVA9kzKwE5/98=,3w//nHOPZgPR5ycRQHf8q03KIJc=
-66,15,gqHZuUwQv0vhebqVA9kzKwE5/98=,3w//nHOPZgPR5ycRQHf8q03KIJc=
-68,15,gqHZuUwQv0vhebqVA9kzKwE5/98=,3w//nHOPZgPR5ycRQHf8q03KIJc=
-67,15,gqHZuUwQv0vhebqVA9kzKwE5/98=,3w//nHOPZgPR5ycRQHf8q03KIJc=
-70,15,gqHZuUwQv0vhebqVA9kzKwE5/98=,3w//nHOPZgPR5ycRQHf8q03KIJc=
-72,15,gqHZuUwQv0vhebqVA9kzKwE5/98=,3w//nHOPZgPR5ycRQHf8q03KIJc=
-71,15,gqHZuUwQv0vhebqVA9kzKwE5/98=,3w//nHOPZgPR5ycRQHf8q03KIJc=
